day,date,start_time,end_time,hours,overtime_hours,customer,operation_type,remarks,invoiced_to,price,total_price
Fri,2024-01-05,08:00:00.000000000,16:59:00.000000000,9,0,ALPHA GOLD No. 66,Stuffing,Rental of shorecrane for 09 hours,AQUARIUS,135.0,1215.0
Fri,2024-01-05,08:00:00.000000000,16:42:00.000000000,9,0,GOLDEN FULL No. 168,Stuffing,Rental of shorecrane for 09 hours,NAUTILUS MARE,135.0,1215.0
Fri,2024-01-05,08:00:00.000000000,16:52:00.000000000,9,0,SHUN HAO,Stuffing,Rental of shorecrane for 09 hours,MAHE SHIPPING,135.0,1215.0
Sat,2024-01-06,08:00:00.000000000,13:41:00.000000000,6,0,ALPHA GOLD No. 66,Stuffing,Rental of shorecrane for 06 hours,AQUARIUS,135.0,810.0
Sat,2024-01-06,08:00:00.000000000,15:12:00.000000000,8,0,GOLDEN FULL No. 168,Stuffing,Rental of shorecrane for 08 hours,NAUTILUS MARE,135.0,1080.0
Sat,2024-01-06,12:00:00.000000000,18:52:00.000000000,7,2,NF SEA GLORY No. 16,Stuffing,Rental of shorecrane for 07 hours,MAHE SHIPPING,135.0,1080.0
Sat,2024-01-06,08:00:00.000000000,10:59:00.000000000,3,0,SHUN HAO,Stuffing,Rental of shorecrane for 03 hours,MAHE SHIPPING,135.0,405.0
Sun,2024-01-07,08:00:00.000000000,15:49:00.000000000,8,0,NF SEA GLORY No. 16,Stuffing,Rental of shorecrane for 08 hours,MAHE SHIPPING,135.0,1620.0
Mon,2024-01-08,08:00:00.000000000,16:59:00.000000000,9,0,HSIANG PERNG No. 212,Stuffing,Rental of shorecrane for 09 hours,AQUARIUS,135.0,1215.0
Tue,2024-01-09,08:00:00.000000000,14:08:00.000000000,7,0,HSIANG PERNG No. 212,Stuffing,Rental of shorecrane for 07 hours,AQUARIUS,135.0,945.0
Mon,2024-01-15,08:00:00.000000000,17:17:00.000000000,10,1,NF DAFA No. 8,Stuffing,Rental of shorecrane for 10 hours,AQUARIUS,135.0,1417.5
Thu,2024-01-18,08:00:00.000000000,15:56:00.000000000,8,0,FU KUO No. 8,Stuffing,Rental of shorecrane for 08 hours,AQUARIUS,135.0,1080.0
Thu,2024-01-18,08:20:00.000000000,16:50:00.000000000,9,0,TXORI BERRI,OSS Stuffing,Rental of shorecrane for 09 hours,MAERSKLINE,135.0,1215.0
Fri,2024-01-19,08:00:00.000000000,16:55:00.000000000,9,0,TXORI BERRI,OSS Stuffing,Rental of shorecrane for 09 hours,MAERSKLINE,135.0,1215.0
Fri,2024-01-19,08:00:00.000000000,15:12:00.000000000,8,0,JO WEN,Stuffing,Rental of shorecrane for 08 hours,MAHE SHIPPING,135.0,1080.0
Fri,2024-01-19,10:00:00.000000000,16:47:00.000000000,7,0,SAPMER,CCCS Container Stuffing,Rental of shorecrane for 07 hours,MAERSKLINE,135.0,945.0
Sat,2024-01-20,08:00:00.000000000,14:53:00.000000000,7,0,TXORI BERRI,OSS Stuffing,Rental of shorecrane for 07 hours,MAERSKLINE,135.0,945.0
Tue,2024-01-23,08:00:00.000000000,16:59:00.000000000,9,0,SHYANG CHYANG No. 88,Stuffing,Rental of shorecrane for 09 hours,AQUARIUS,135.0,1215.0
Wed,2024-01-24,08:00:00.000000000,16:57:00.000000000,9,0,SHYANG CHYANG No. 88,Stuffing,Rental of shorecrane for 09 hours,AQUARIUS,135.0,1215.0
Thu,2024-01-25,08:00:00.000000000,12:45:00.000000000,5,0,SHYANG CHYANG No. 88,Stuffing,Rental of shorecrane for 05 hours,AQUARIUS,135.0,675.0
Thu,2024-01-25,08:00:00.000000000,17:10:00.000000000,10,1,WOENFULL No. 668,Stuffing,Rental of shorecrane for 10 hours,MAHE SHIPPING,135.0,1417.5
Sun,2024-02-04,08:00:00.000000000,17:56:00.000000000,10,2,MERCURY,Stuffing,Rental of shorecrane for 10 hours,MAHE SHIPPING,135.0,2160.0
Mon,2024-02-05,08:00:00.000000000,11:19:00.000000000,4,0,MERCURY,Stuffing,Rental of shorecrane for 04 hours,MAHE SHIPPING,135.0,540.0
Mon,2024-02-26,08:00:00.000000000,14:30:00.000000000,7,0,NF EASTERN STAR,Stuffing,Rental of shorecrane for 07 hours,MAHE SHIPPING,135.0,945.0
Mon,2024-02-26,08:00:00.000000000,13:44:00.000000000,6,0,SHIN SHUEN FAR,Stuffing,Rental of shorecrane for 06 hours,AQUARIUS,135.0,810.0
Mon,2024-02-26,08:00:00.000000000,13:29:00.000000000,6,0,SHIN SHUEN FAR No. 16,Stuffing,Rental of shorecrane for 06 hours,AQUARIUS,135.0,810.0
Tue,2024-02-27,08:00:00.000000000,17:00:00.000000000,9,0,SHIN SHUEN FAR No. 668,Stuffing,Rental of shorecrane for 09 hours,AQUARIUS,135.0,1215.0
Tue,2024-02-27,08:00:00.000000000,16:06:00.000000000,9,0,SHIN SHUEN FAR No. 889,Stuffing,Rental of shorecrane for 09 hours,AQUARIUS,135.0,1215.0
Tue,2024-02-27,08:00:00.000000000,16:08:00.000000000,9,0,SHIN SHUEN FAR No. 388,Stuffing,Rental of shorecrane for 09 hours,AQUARIUS,135.0,1215.0
Wed,2024-02-28,08:00:00.000000000,08:53:00.000000000,1,0,SHIN SHUEN FAR No. 668,Stuffing,Rental of shorecrane for 01 hours,AQUARIUS,135.0,135.0
Fri,2024-03-01,08:00:00.000000000,17:58:00.000000000,10,1,PLAYA DE ANZORAS,OSS Stuffing,Rental of shorecrane for 10 hours,MAERSKLINE,135.0,1417.5
Sat,2024-03-02,08:00:00.000000000,14:03:00.000000000,7,0,PLAYA DE ANZORAS,OSS Stuffing,Rental of shorecrane for 07 hours,MAERSKLINE,135.0,945.0
Sat,2024-03-02,12:00:00.000000000,17:00:00.000000000,5,0,DOLOMIEU,OSS Stuffing,Rental of shorecrane for 05 hours,MAERSKLINE,135.0,675.0
Mon,2024-03-11,11:16:00.000000000,14:04:00.000000000,3,0,ZAYN,Stuffing,Rental of shorecrane for 03 hours,MAHE SHIPPING,135.0,405.0
Mon,2024-03-11,10:00:00.000000000,11:15:00.000000000,2,0,ARWA,Stuffing,Rental of shorecrane for 02 hours,MAHE SHIPPING,135.0,270.0
Tue,2024-03-12,14:00:00.000000000,16:00:00.000000000,2,0,MAHE SHIPPING,Loading Provision,Rental of shorecrane for 02 hours,MAHE SHIPPING,135.0,270.0
Wed,2024-03-13,08:00:00.000000000,13:46:00.000000000,6,0,SAPMER,OSS Stuffing,Rental of shorecrane for 06 hours,MAERSKLINE,135.0,810.0
Wed,2024-03-13,10:30:00.000000000,11:30:00.000000000,1,0,ZAYN,Loading Provision,Rental of shorecrane for 01 hours,MAHE SHIPPING,135.0,135.0
Wed,2024-03-13,14:30:00.000000000,15:30:00.000000000,1,0,ZAYN,Loading Provision,Rental of shorecrane for 01 hours,MAHE SHIPPING,135.0,135.0
Sat,2024-03-16,10:00:00.000000000,15:07:00.000000000,6,0,OCEAN BASKET,CCCS Container Stuffing,Rental of shorecrane for 06 hours,MAERSKLINE,135.0,810.0
Sat,2024-03-16,08:00:00.000000000,08:44:00.000000000,1,0,AMIRANTE,CCCS Container Stuffing,Rental of shorecrane for 01 hours,MAERSKLINE,135.0,135.0
Thu,2024-03-21,08:00:00.000000000,10:08:00.000000000,3,0,IOT,CCCS Container Stuffing,Rental of shorecrane for 03 hours,IOT,135.0,405.0
Thu,2024-03-21,08:00:00.000000000,11:34:00.000000000,4,0,AMIRANTE,CCCS Container Stuffing,Rental of shorecrane for 04 hours,MAERSKLINE,135.0,540.0
Fri,2024-03-22,08:00:00.000000000,17:00:00.000000000,9,0,ECHEBASTAR,CCCS Container Stuffing,Rental of shorecrane for 09 hours,MAERSKLINE,135.0,1215.0
Sun,2024-03-24,08:00:00.000000000,11:41:00.000000000,4,0,IOT,CCCS Container Stuffing,Rental of shorecrane for 04 hours,IOT,135.0,810.0
Sun,2024-03-24,12:11:00.000000000,12:42:00.000000000,1,0,SAPMER,CCCS Container Stuffing,Rental of shorecrane for 01 hours,MAERSKLINE,135.0,202.5
Sun,2024-03-24,14:03:00.000000000,15:17:00.000000000,2,0,OCEAN BASKET,CCCS Container Stuffing,Rental of shorecrane for 02 hours,MAERSKLINE,135.0,405.0
Tue,2024-03-26,08:00:00.000000000,12:25:00.000000000,5,0,SAPMER,CCCS Container Stuffing,Rental of shorecrane for 05 hours,MAERSKLINE,135.0,675.0
Wed,2024-03-27,08:00:00.000000000,17:00:00.000000000,9,0,DOLOMIEU,OSS Stuffing,Rental of shorecrane for 09 hours,MAERSKLINE,135.0,1215.0
Thu,2024-03-28,08:00:00.000000000,12:57:00.000000000,5,0,ISLAND CATCH,CCCS Container Stuffing,Rental of shorecrane for 05 hours,ISLAND CATCH,135.0,675.0
Thu,2024-03-28,13:59:00.000000000,15:24:00.000000000,2,0,SAPMER,CCCS Container Stuffing,Rental of shorecrane for 02 hours,MAERSKLINE,135.0,270.0
Thu,2024-03-28,15:41:00.000000000,17:00:00.000000000,2,0,OCEAN BASKET,CCCS Container Stuffing,Rental of shorecrane for 02 hours,MAERSKLINE,135.0,270.0
PH,2024-03-29,07:55:00.000000000,08:55:00.000000000,1,0,OCEAN BASKET,CCCS Container Stuffing,Rental of shorecrane for 01 hours,MAERSKLINE,135.0,202.5
PH,2024-03-29,09:00:00.000000000,10:43:00.000000000,2,0,SAPMER,CCCS Container Stuffing,Rental of shorecrane for 02 hours,MAERSKLINE,135.0,405.0
PH,2024-03-29,10:50:00.000000000,15:56:00.000000000,6,0,OCEAN BASKET,CCCS Container Stuffing,Rental of shorecrane for 06 hours,MAERSKLINE,135.0,1215.0
PH,2024-03-29,08:00:00.000000000,15:46:00.000000000,8,0,DRENNEC,OSS Stuffing,Rental of shorecrane for 08 hours,MAERSKLINE,135.0,1620.0
PH,2024-03-29,10:00:00.000000000,16:00:00.000000000,6,0,DOLOMIEU,OSS Stuffing,Rental of shorecrane for 06 hours,MAERSKLINE,135.0,1215.0
PH,2024-03-30,08:00:00.000000000,13:38:00.000000000,6,0,DRENNEC,OSS Stuffing,Rental of shorecrane for 06 hours,MAERSKLINE,135.0,1215.0
Tue,2024-04-02,08:00:00.000000000,16:58:00.000000000,9,0,NF INDIAN TUNA No. 9,Stuffing,Rental of shorecrane for 09 hours,MAHE SHIPPING,135.0,1215.0
Tue,2024-04-02,08:00:00.000000000,17:00:00.000000000,9,0,INPESCA,CCCS Container Stuffing,Rental of shorecrane for 09 hours,MAERSKLINE,135.0,1215.0
Tue,2024-04-02,08:00:00.000000000,17:00:00.000000000,9,0,INPESCA,CCCS Container Stuffing,Rental of shorecrane for 09 hours,MAERSKLINE,135.0,1215.0
Tue,2024-04-02,17:30:00.000000000,18:15:00.000000000,1,1,IPHS,Cross Stuffing,Rental of shorecrane for 01 hours,INVALID,135.0,202.5
Tue,2024-04-02,08:00:00.000000000,17:00:00.000000000,9,0,BERNICA,OSS Stuffing,Rental of shorecrane for 09 hours,MAERSKLINE,135.0,1215.0
Wed,2024-04-03,08:00:00.000000000,11:54:00.000000000,4,0,NF INDIAN TUNA No. 9,Stuffing,Rental of shorecrane for 04 hours,MAHE SHIPPING,135.0,540.0
Wed,2024-04-03,08:00:00.000000000,17:29:00.000000000,10,1,INPESCA,CCCS Container Stuffing,Rental of shorecrane for 10 hours,MAERSKLINE,135.0,1417.5
Wed,2024-04-03,08:00:00.000000000,16:59:00.000000000,9,0,INPESCA,CCCS Container Stuffing,Rental of shorecrane for 09 hours,MAERSKLINE,135.0,1215.0
Wed,2024-04-03,08:00:00.000000000,17:00:00.000000000,9,0,BERNICA,OSS Stuffing,Rental of shorecrane for 09 hours,MAERSKLINE,135.0,1215.0
Thu,2024-04-04,08:00:00.000000000,11:00:00.000000000,3,0,INPESCA,CCCS Container Stuffing,Rental of shorecrane for 03 hours,MAERSKLINE,135.0,405.0
Thu,2024-04-04,08:00:00.000000000,16:49:00.000000000,9,0,INPESCA,CCCS Container Stuffing,Rental of shorecrane for 09 hours,MAERSKLINE,135.0,1215.0
Thu,2024-04-04,08:00:00.000000000,17:00:00.000000000,9,0,BERNICA,OSS Stuffing,Rental of shorecrane for 09 hours,MAERSKLINE,135.0,1215.0
Fri,2024-04-05,08:00:00.000000000,12:00:00.000000000,4,0,INPESCA,CCCS Container Stuffing,Rental of shorecrane for 04 hours,MAERSKLINE,135.0,540.0
Fri,2024-04-05,13:30:00.000000000,17:00:00.000000000,4,0,OCEAN BASKET,CCCS Container Stuffing,Rental of shorecrane for 04 hours,MAERSKLINE,135.0,540.0
Fri,2024-04-05,12:30:00.000000000,13:30:00.000000000,1,0,ISLAND CATCH,CCCS Container Stuffing,Rental of shorecrane for 01 hours,ISLAND CATCH,135.0,135.0
Fri,2024-04-05,08:00:00.000000000,17:00:00.000000000,9,0,BERNICA,OSS Stuffing,Rental of shorecrane for 09 hours,MAERSKLINE,135.0,1215.0
Sat,2024-04-06,13:00:00.000000000,13:30:00.000000000,1,0,OCEAN BASKET,CCCS Container Stuffing,Rental of shorecrane for 01 hours,MAERSKLINE,135.0,135.0
Sat,2024-04-06,13:30:00.000000000,14:00:00.000000000,1,0,ISLAND CATCH,CCCS Container Stuffing,Rental of shorecrane for 01 hours,ISLAND CATCH,135.0,135.0
Sat,2024-04-06,14:00:00.000000000,17:00:00.000000000,3,0,INPESCA,CCCS Container Stuffing,Rental of shorecrane for 03 hours,MAERSKLINE,135.0,405.0
Sat,2024-04-06,08:00:00.000000000,12:00:00.000000000,4,0,BERNICA,OSS Stuffing,Rental of shorecrane for 04 hours,MAERSKLINE,135.0,540.0
Wed,2024-04-10,08:00:00.000000000,16:45:00.000000000,9,0,CAP SAINTE MARIE,OSS Stuffing,Rental of shorecrane for 09 hours,MAERSKLINE,135.0,1215.0
Thu,2024-04-11,08:00:00.000000000,13:38:00.000000000,6,0,CAP SAINTE MARIE,OSS Stuffing,Rental of shorecrane for 06 hours,MAERSKLINE,135.0,810.0
Mon,2024-04-15,08:00:00.000000000,18:49:00.000000000,11,2,GLENAN,OSS Stuffing,Rental of shorecrane for 11 hours,MAERSKLINE,135.0,1620.0
Tue,2024-04-16,08:00:00.000000000,15:31:00.000000000,8,0,OCEAN BASKET,CCCS Container Stuffing,Rental of shorecrane for 08 hours,MAERSKLINE,135.0,1080.0
Tue,2024-04-16,08:00:00.000000000,16:42:00.000000000,9,0,CAP SAINT VINCENT,OSS Stuffing,Rental of shorecrane for 09 hours,MAERSKLINE,135.0,1215.0
Tue,2024-04-16,08:00:00.000000000,15:09:00.000000000,8,0,GLENAN,OSS Stuffing,Rental of shorecrane for 08 hours,MAERSKLINE,135.0,1080.0
Wed,2024-04-17,08:00:00.000000000,17:00:00.000000000,9,0,OCEAN BASKET,CCCS Container Stuffing,Rental of shorecrane for 09 hours,MAERSKLINE,135.0,1215.0
Wed,2024-04-17,08:00:00.000000000,09:57:00.000000000,2,0,CAP SAINT VINCENT,OSS Stuffing,Rental of shorecrane for 02 hours,MAERSKLINE,135.0,270.0
Thu,2024-04-18,14:10:00.000000000,15:25:00.000000000,2,0,AMIRANTE,CCCS Container Stuffing,Rental of shorecrane for 02 hours,MAERSKLINE,135.0,270.0
Thu,2024-04-18,08:00:00.000000000,10:20:00.000000000,3,0,OCEAN BASKET,CCCS Container Stuffing,Rental of shorecrane for 03 hours,MAERSKLINE,135.0,405.0
Fri,2024-04-26,14:00:00.000000000,15:58:00.000000000,2,0,OCEAN BASKET,CCCS Container Stuffing,Rental of shorecrane for 02 hours,MAERSKLINE,135.0,270.0
Fri,2024-04-26,16:02:00.000000000,17:00:00.000000000,1,0,ISLAND CATCH,CCCS Container Stuffing,Rental of shorecrane for 01 hours,MAERSKLINE,135.0,135.0
Fri,2024-04-26,08:00:00.000000000,13:50:00.000000000,6,0,AMIRANTE,CCCS Container Stuffing,Rental of shorecrane for 06 hours,MAERSKLINE,135.0,810.0
Sat,2024-04-27,08:00:00.000000000,11:36:00.000000000,4,0,IOT,CCCS Container Stuffing,Rental of shorecrane for 04 hours,MAERSKLINE,135.0,540.0
Sat,2024-04-27,09:00:00.000000000,15:40:00.000000000,7,0,ISLAND CATCH,CCCS Container Stuffing,Rental of shorecrane for 07 hours,MAERSKLINE,135.0,945.0
Sat,2024-04-27,12:15:00.000000000,14:26:00.000000000,3,0,AMIRANTE,CCCS Container Stuffing,Rental of shorecrane for 03 hours,MAERSKLINE,135.0,405.0
Sun,2024-04-28,08:00:00.000000000,09:20:00.000000000,2,0,ISLAND CATCH,CCCS Container Stuffing,Rental of shorecrane for 02 hours,MAERSKLINE,135.0,405.0
Sun,2024-04-28,09:40:00.000000000,13:55:00.000000000,5,0,OCEAN BASKET,CCCS Container Stuffing,Rental of shorecrane for 05 hours,MAERSKLINE,135.0,1012.5
Mon,2024-04-29,08:00:00.000000000,16:53:00.000000000,9,0,TORRE ITALIA,OSS Stuffing,Rental of shorecrane for 09 hours,MAERSKLINE,135.0,1215.0
Mon,2024-04-29,08:00:00.000000000,16:50:00.000000000,9,0,AVEL VAD,OSS Stuffing,Rental of shorecrane for 09 hours,MAERSKLINE,135.0,1215.0
Tue,2024-04-30,08:00:00.000000000,17:42:00.000000000,10,1,TORRE ITALIA,OSS Stuffing,Rental of shorecrane for 10 hours,MAERSKLINE,135.0,1417.5
Tue,2024-04-30,08:00:00.000000000,14:50:00.000000000,7,0,AVEL VAD,OSS Stuffing,Rental of shorecrane for 07 hours,MAERSKLINE,135.0,945.0
PH,2024-05-01,08:00:00.000000000,16:52:00.000000000,9,1,TORRE ITALIA,OSS Stuffing,Rental of shorecrane for 09 hours,MAERSKLINE,135.0,1890.0
PH,2024-05-01,08:00:00.000000000,17:31:00.000000000,10,2,TREVIGNON,OSS Stuffing,Rental of shorecrane for 10 hours,MAERSKLINE,135.0,2160.0
Thu,2024-05-02,10:40:00.000000000,12:13:00.000000000,2,0,OCEAN BASKET,CCCS Container Stuffing,Rental of shorecrane for 02 hours,MAERSKLINE,135.0,270.0
Thu,2024-05-02,08:00:00.000000000,10:30:00.000000000,3,0,ISLAND CATCH,CCCS Container Stuffing,Rental of shorecrane for 03 hours,MAERSKLINE,135.0,405.0
Thu,2024-05-02,08:00:00.000000000,17:48:00.000000000,10,1,TORRE ITALIA,OSS Stuffing,Rental of shorecrane for 10 hours,MAERSKLINE,135.0,1417.5
Fri,2024-05-03,12:00:00.000000000,15:00:00.000000000,3,0,ISLAND CATCH,CCCS Container Stuffing,Rental of shorecrane for 03 hours,MAERSKLINE,135.0,405.0
Fri,2024-05-03,08:00:00.000000000,17:00:00.000000000,9,0,ECHEBASTAR,CCCS Container Stuffing,Rental of shorecrane for 09 hours,MAERSKLINE,135.0,1215.0
Fri,2024-05-03,08:00:00.000000000,09:20:00.000000000,2,0,OCEAN BASKET,CCCS Container Stuffing,Rental of shorecrane for 02 hours,MAERSKLINE,135.0,270.0
Fri,2024-05-03,08:00:00.000000000,10:04:00.000000000,3,0,TORRE ITALIA,OSS Stuffing,Rental of shorecrane for 03 hours,MAERSKLINE,135.0,405.0
Fri,2024-05-03,08:00:00.000000000,10:36:00.000000000,3,0,SHUN FENG No. 8,Stuffing,Rental of shorecrane for 03 hours,AQUARIUS,135.0,405.0
Sat,2024-05-04,12:02:00.000000000,17:00:00.000000000,5,0,ISLAND CATCH,CCCS Container Stuffing,Rental of shorecrane for 05 hours,MAERSKLINE,135.0,675.0
Sat,2024-05-04,08:00:00.000000000,15:58:00.000000000,8,0,ECHEBASTAR,CCCS Container Stuffing,Rental of shorecrane for 08 hours,MAERSKLINE,135.0,1080.0
Sat,2024-05-04,08:00:00.000000000,11:52:00.000000000,4,0,AMIRANTE,CCCS Container Stuffing,Rental of shorecrane for 04 hours,MAERSKLINE,135.0,540.0
Sun,2024-05-05,08:00:00.000000000,15:55:00.000000000,8,0,ECHEBASTAR,CCCS Container Stuffing,Rental of shorecrane for 08 hours,MAERSKLINE,135.0,1620.0
Sun,2024-05-05,08:00:00.000000000,15:00:00.000000000,7,0,ECHEBASTAR,CCCS Container Stuffing,Rental of shorecrane for 07 hours,MAERSKLINE,135.0,1417.5
Mon,2024-05-06,08:00:00.000000000,16:30:00.000000000,9,0,ECHEBASTAR,CCCS Container Stuffing,Rental of shorecrane for 09 hours,MAERSKLINE,135.0,1215.0
Tue,2024-05-07,08:00:00.000000000,15:06:00.000000000,8,0,AMIRANTE,CCCS Container Stuffing,Rental of shorecrane for 08 hours,MAERSKLINE,135.0,1080.0
Tue,2024-05-07,08:00:00.000000000,16:59:00.000000000,9,0,GLENAN,OSS Stuffing,Rental of shorecrane for 09 hours,MAERSKLINE,135.0,1215.0
Wed,2024-05-08,08:00:00.000000000,08:34:00.000000000,1,0,GLENAN,OSS Stuffing,Rental of shorecrane for 01 hours,MAERSKLINE,135.0,135.0
Fri,2024-05-10,08:00:00.000000000,17:00:00.000000000,9,0,DOLOMIEU,OSS Stuffing,Rental of shorecrane for 09 hours,MAERSKLINE,135.0,1215.0
Sat,2024-05-11,08:00:00.000000000,17:00:00.000000000,9,0,DOLOMIEU,OSS Stuffing,Rental of shorecrane for 09 hours,MAERSKLINE,135.0,1215.0
Sun,2024-05-12,11:00:00.000000000,16:00:00.000000000,5,0,DOLOMIEU,OSS Stuffing,Rental of shorecrane for 05 hours,MAERSKLINE,135.0,1012.5
Mon,2024-05-13,08:00:00.000000000,15:00:00.000000000,7,0,DOLOMIEU,OSS Stuffing,Rental of shorecrane for 07 hours,MAERSKLINE,135.0,945.0
Wed,2024-05-15,14:00:00.000000000,14:40:00.000000000,1,0,SAPMER,Cross Stuffing,Rental of shorecrane for 01 hours,SAPMER,135.0,135.0
Sat,2024-05-18,15:36:00.000000000,17:14:00.000000000,2,1,AMIRANTE,CCCS Container Stuffing,Rental of shorecrane for 02 hours,MAERSKLINE,135.0,337.5
Sat,2024-05-18,08:00:00.000000000,15:36:00.000000000,8,0,OCEAN BASKET,CCCS Container Stuffing,Rental of shorecrane for 08 hours,MAERSKLINE,135.0,1080.0
Sun,2024-05-19,08:00:00.000000000,11:11:00.000000000,4,0,ECHEBASTAR,CCCS Container Stuffing,Rental of shorecrane for 04 hours,MAERSKLINE,135.0,810.0
Tue,2024-05-21,08:00:00.000000000,15:11:00.000000000,8,0,MERCURY,Stuffing,Rental of shorecrane for 08 hours,AQUARIUS,135.0,1080.0
Wed,2024-05-22,08:00:00.000000000,15:38:00.000000000,8,0,MERCURY,Stuffing,Rental of shorecrane for 08 hours,AQUARIUS,135.0,1080.0
Wed,2024-05-22,08:00:00.000000000,13:58:00.000000000,6,0,ISLAND CATCH,CCCS Container Stuffing,Rental of shorecrane for 06 hours,MAERSKLINE,135.0,810.0
Wed,2024-05-22,14:46:00.000000000,16:12:00.000000000,2,0,AMIRANTE,CCCS Container Stuffing,Rental of shorecrane for 02 hours,MAERSKLINE,135.0,270.0
Thu,2024-05-23,08:00:00.000000000,10:25:00.000000000,3,0,MERCURY,Stuffing,Rental of shorecrane for 03 hours,AQUARIUS,135.0,405.0
Thu,2024-05-23,08:00:00.000000000,11:28:00.000000000,4,0,OCEAN BASKET,CCCS Container Stuffing,Rental of shorecrane for 04 hours,MAERSKLINE,135.0,540.0
Mon,2024-05-27,08:00:00.000000000,17:00:00.000000000,9,0,SAPMER,CCCS Container Stuffing,Rental of shorecrane for 09 hours,MAERSKLINE,135.0,1215.0
Mon,2024-05-27,08:00:00.000000000,10:32:00.000000000,3,0,SIN HUA FONG,Stuffing,Rental of shorecrane for 03 hours,AQUARIUS,135.0,405.0
Tue,2024-05-28,08:00:00.000000000,16:47:00.000000000,9,0,SAPMER,CCCS Container Stuffing,Rental of shorecrane for 09 hours,MAERSKLINE,135.0,1215.0
Wed,2024-05-29,08:00:00.000000000,16:35:00.000000000,9,0,SAPMER,CCCS Container Stuffing,Rental of shorecrane for 09 hours,MAERSKLINE,135.0,1215.0
Fri,2024-05-31,11:00:00.000000000,16:40:00.000000000,6,0,AMIRANTE,CCCS Container Stuffing,Rental of shorecrane for 06 hours,MAERSKLINE,135.0,810.0
Fri,2024-05-31,08:00:00.000000000,09:10:00.000000000,2,0,SAPMER,CCCS Container Stuffing,Rental of shorecrane for 02 hours,MAERSKLINE,135.0,270.0
Fri,2024-05-31,09:20:00.000000000,09:40:00.000000000,1,0,SAPMER,CCCS Container Stuffing,Rental of shorecrane for 01 hours,SAPMER,135.0,135.0
Fri,2024-05-31,10:00:00.000000000,11:00:00.000000000,1,0,SAPMER,CCCS Container Stuffing,Rental of shorecrane for 01 hours,MAERSKLINE,135.0,135.0
Sat,2024-06-01,08:00:00.000000000,17:00:00.000000000,9,0,OCEAN BASKET,CCCS Container Stuffing,Rental of shorecrane for 09 hours,MAERSKLINE,135.0,1215.0
Mon,2024-06-03,08:00:00.000000000,10:48:00.000000000,3,0,SHIN SHUEN FAR,Stuffing,Rental of shorecrane for 03 hours,AQUARIUS,135.0,405.0
Mon,2024-06-03,08:00:00.000000000,10:12:00.000000000,3,0,OCEAN BASKET,CCCS Container Stuffing,Rental of shorecrane for 03 hours,MAERSKLINE,135.0,405.0
Mon,2024-06-03,10:20:00.000000000,12:22:00.000000000,3,0,SAPMER,CCCS Container Stuffing,Rental of shorecrane for 03 hours,MAERSKLINE,135.0,405.0
Tue,2024-06-04,08:00:00.000000000,15:37:00.000000000,8,0,SHIN SHUEN FAR No. 16,Stuffing,Rental of shorecrane for 08 hours,AQUARIUS,135.0,1080.0
Tue,2024-06-04,08:00:00.000000000,16:35:00.000000000,9,0,SHIN SHUEN FAR No. 388,Stuffing,Rental of shorecrane for 09 hours,AQUARIUS,135.0,1215.0
Tue,2024-06-04,08:00:00.000000000,15:05:00.000000000,8,0,SHIN SHUEN FAR No. 668,Stuffing,Rental of shorecrane for 08 hours,AQUARIUS,135.0,1080.0
Wed,2024-06-05,08:00:00.000000000,15:28:00.000000000,8,0,SHIN SHUEN FAR No. 669,Stuffing,Rental of shorecrane for 08 hours,AQUARIUS,135.0,1080.0
Wed,2024-06-05,08:00:00.000000000,15:42:00.000000000,8,0,SHIN SHUEN FAR No. 889,Stuffing,Rental of shorecrane for 08 hours,AQUARIUS,135.0,1080.0
Thu,2024-06-06,14:59:00.000000000,16:30:00.000000000,2,0,SAPMER,CCCS Container Stuffing,Rental of shorecrane for 02 hours,MAERSKLINE,135.0,270.0
Thu,2024-06-06,09:00:00.000000000,14:00:00.000000000,5,0,AMIRANTE,CCCS Container Stuffing,Rental of shorecrane for 05 hours,MAERSKLINE,135.0,675.0
Thu,2024-06-06,08:00:00.000000000,10:06:00.000000000,3,0,SHIN SHUEN FAR No. 889,Stuffing,Rental of shorecrane for 03 hours,AQUARIUS,135.0,405.0
Thu,2024-06-06,08:00:00.000000000,10:00:00.000000000,2,0,SHIN SHUEN FAR No. 669,Stuffing,Rental of shorecrane for 02 hours,MAERSKLINE,135.0,270.0
Fri,2024-06-07,08:00:00.000000000,10:30:00.000000000,3,0,SAPMER,CCCS Container Stuffing,Rental of shorecrane for 03 hours,MAERSKLINE,135.0,405.0
Fri,2024-06-07,11:03:00.000000000,13:12:00.000000000,3,0,ISLAND CATCH,CCCS Container Stuffing,Rental of shorecrane for 03 hours,MAERSKLINE,135.0,405.0
Fri,2024-06-07,13:43:00.000000000,15:13:00.000000000,2,0,OCEAN BASKET,CCCS Container Stuffing,Rental of shorecrane for 02 hours,MAERSKLINE,135.0,270.0
Sat,2024-06-08,08:00:00.000000000,17:00:00.000000000,9,0,DOLOMIEU,OSS Stuffing,Rental of shorecrane for 09 hours,MAERSKLINE,135.0,1215.0
Sun,2024-06-09,08:00:00.000000000,12:00:00.000000000,4,0,DOLOMIEU,OSS Stuffing,Rental of shorecrane for 04 hours,MAERSKLINE,135.0,810.0
Tue,2024-06-11,08:00:00.000000000,15:49:00.000000000,8,0,CAP SAINT VINCENT,OSS Stuffing,Rental of shorecrane for 08 hours,MAERSKLINE,135.0,1080.0
Wed,2024-06-12,08:00:00.000000000,10:38:00.000000000,3,0,SAPMER,CCCS Container Stuffing,Rental of shorecrane for 03 hours,MAERSKLINE,135.0,405.0
Wed,2024-06-12,10:55:00.000000000,11:49:00.000000000,1,0,AMIRANTE,CCCS Container Stuffing,Rental of shorecrane for 01 hours,MAERSKLINE,135.0,135.0
Wed,2024-06-12,12:00:00.000000000,12:58:00.000000000,1,0,SAPMER,CCCS Container Stuffing,Rental of shorecrane for 01 hours,MAERSKLINE,135.0,135.0
Wed,2024-06-12,08:00:00.000000000,14:57:00.000000000,7,0,CAP SAINT VINCENT,OSS Stuffing,Rental of shorecrane for 07 hours,MAERSKLINE,135.0,945.0
Fri,2024-06-14,08:00:00.000000000,09:15:00.000000000,2,0,AMIRANTE,CCCS Container Stuffing,Rental of shorecrane for 02 hours,MAERSKLINE,135.0,270.0
Fri,2024-06-14,09:54:00.000000000,10:21:00.000000000,1,0,SAPMER,CCCS Container Stuffing,Rental of shorecrane for 01 hours,MAERSKLINE,135.0,135.0
Fri,2024-06-14,10:57:00.000000000,12:15:00.000000000,2,0,AMIRANTE,CCCS Container Stuffing,Rental of shorecrane for 02 hours,MAERSKLINE,135.0,270.0
PH,2024-06-18,08:00:00.000000000,16:00:00.000000000,8,0,BERNICA,OSS Stuffing,Rental of shorecrane for 08 hours,MAERSKLINE,135.0,1620.0
Wed,2024-06-19,15:35:00.000000000,16:59:00.000000000,2,0,AMIRANTE,CCCS Container Stuffing,Rental of shorecrane for 02 hours,MAERSKLINE,135.0,270.0
Wed,2024-06-19,08:00:00.000000000,15:35:00.000000000,8,0,ISLAND CATCH,CCCS Container Stuffing,Rental of shorecrane for 08 hours,MAERSKLINE,135.0,1080.0
Wed,2024-06-19,08:00:00.000000000,16:58:00.000000000,9,0,BERNICA,OSS Stuffing,Rental of shorecrane for 09 hours,MAERSKLINE,135.0,1215.0
Thu,2024-06-20,08:00:00.000000000,16:59:00.000000000,9,0,BERNICA,OSS Stuffing,Rental of shorecrane for 09 hours,MAERSKLINE,135.0,1215.0
Thu,2024-06-20,13:00:00.000000000,16:59:00.000000000,4,0,AMIRANTE,CCCS Container Stuffing,Rental of shorecrane for 04 hours,MAERSKLINE,135.0,540.0
Thu,2024-06-20,08:00:00.000000000,13:00:00.000000000,5,0,OCEAN BASKET,CCCS Container Stuffing,Rental of shorecrane for 05 hours,MAERSKLINE,135.0,675.0
Fri,2024-06-21,10:20:00.000000000,10:54:00.000000000,1,0,AMIRANTE,CCCS Container Stuffing,Rental of shorecrane for 01 hours,MAERSKLINE,135.0,135.0
Fri,2024-06-21,08:00:00.000000000,16:56:00.000000000,9,0,BERNICA,OSS Stuffing,Rental of shorecrane for 09 hours,MAERSKLINE,135.0,1215.0
Sat,2024-06-22,08:00:00.000000000,16:12:00.000000000,9,0,SAPMER,CCCS Container Stuffing,Rental of shorecrane for 09 hours,MAERSKLINE,135.0,1215.0
Thu,2024-06-27,08:00:00.000000000,14:56:00.000000000,7,0,TREVIGNON,OSS Stuffing,Rental of shorecrane for 07 hours,MAERSKLINE,135.0,945.0
PH,2024-06-29,08:00:00.000000000,16:00:00.000000000,8,0,CAP SAINT VINCENT,OSS Stuffing,Rental of shorecrane for 08 hours,MAERSKLINE,135.0,1620.0
Sun,2024-06-30,08:00:00.000000000,16:00:00.000000000,8,0,CAP SAINT VINCENT,OSS Stuffing,Rental of shorecrane for 08 hours,MAERSKLINE,135.0,1620.0
Mon,2024-07-01,08:00:00.000000000,17:47:00.000000000,10,1,CAP SAINT VINCENT,OSS Stuffing,Rental of shorecrane for 10 hours,MAERSKLINE,135.0,1417.5
Tue,2024-07-02,08:00:00.000000000,14:25:00.000000000,7,0,CAP SAINT VINCENT,OSS Stuffing,Rental of shorecrane for 07 hours,MAERSKLINE,135.0,945.0
Wed,2024-07-03,08:00:00.000000000,16:49:00.000000000,9,0,GEVRED,OSS Stuffing,Rental of shorecrane for 09 hours,MAERSKLINE,135.0,1215.0
Wed,2024-07-03,12:00:00.000000000,15:57:00.000000000,4,0,AMIRANTE,CCCS Container Stuffing,Rental of shorecrane for 04 hours,MAERSKLINE,135.0,540.0
Thu,2024-07-04,08:00:00.000000000,16:59:00.000000000,9,0,GEVRED,OSS Stuffing,Rental of shorecrane for 09 hours,MAERSKLINE,135.0,1215.0
Fri,2024-07-05,08:00:00.000000000,18:48:00.000000000,11,2,GEVRED,OSS Stuffing,Rental of shorecrane for 11 hours,MAERSKLINE,135.0,1620.0
Fri,2024-07-05,08:00:00.000000000,11:11:00.000000000,4,0,OCEAN BASKET,CCCS Container Stuffing,Rental of shorecrane for 04 hours,MAERSKLINE,135.0,540.0
Fri,2024-07-05,08:00:00.000000000,14:30:00.000000000,7,0,GALERNA LAU,OSS Stuffing,Rental of shorecrane for 07 hours,MAERSKLINE,135.0,945.0
Sat,2024-07-06,08:00:00.000000000,16:51:00.000000000,9,0,GEVRED,OSS Stuffing,Rental of shorecrane for 09 hours,MAERSKLINE,135.0,1215.0
Wed,2024-07-10,08:00:00.000000000,16:58:00.000000000,9,0,ACILA,OSS Stuffing,Rental of shorecrane for 09 hours,MAERSKLINE,135.0,1215.0
Wed,2024-07-10,10:00:00.000000000,12:10:00.000000000,3,0,ISLAND CATCH,CCCS Container Stuffing,Rental of shorecrane for 03 hours,MAERSKLINE,135.0,405.0
Wed,2024-07-10,11:00:00.000000000,17:00:00.000000000,6,0,DOLOMIEU,OSS Stuffing,Rental of shorecrane for 06 hours,MAERSKLINE,135.0,810.0
Thu,2024-07-11,08:00:00.000000000,16:58:00.000000000,9,0,ACILA,OSS Stuffing,Rental of shorecrane for 09 hours,MAERSKLINE,135.0,1215.0
Thu,2024-07-11,10:00:00.000000000,17:00:00.000000000,7,0,DOLOMIEU,OSS Stuffing,Rental of shorecrane for 07 hours,MAERSKLINE,135.0,945.0
Fri,2024-07-12,08:00:00.000000000,10:30:00.000000000,3,0,ACILA,OSS Stuffing,Rental of shorecrane for 03 hours,MAERSKLINE,135.0,405.0
Fri,2024-07-12,14:00:00.000000000,16:35:00.000000000,3,0,OCEAN BASKET,CCCS Container Stuffing,Rental of shorecrane for 03 hours,MAERSKLINE,135.0,405.0
Fri,2024-07-12,10:00:00.000000000,17:00:00.000000000,7,0,DOLOMIEU,OSS Stuffing,Rental of shorecrane for 07 hours,MAERSKLINE,135.0,945.0
Sat,2024-07-13,08:00:00.000000000,14:00:00.000000000,6,0,DOLOMIEU,OSS Stuffing,Rental of shorecrane for 06 hours,MAERSKLINE,135.0,810.0
Sat,2024-07-13,10:15:00.000000000,10:50:00.000000000,1,0,INPESCA,CCCS Container Stuffing,Rental of shorecrane for 01 hours,MAERSKLINE,135.0,135.0
Sat,2024-07-13,08:00:00.000000000,10:05:00.000000000,3,0,AMIRANTE,CCCS Container Stuffing,Rental of shorecrane for 03 hours,MAERSKLINE,135.0,405.0
Tue,2024-07-16,08:00:00.000000000,16:40:00.000000000,9,0,DRACO,OSS Stuffing,Rental of shorecrane for 09 hours,MAERSKLINE,135.0,1215.0
Wed,2024-07-17,08:00:00.000000000,13:54:00.000000000,6,0,AMIRANTE,CCCS Container Stuffing,Rental of shorecrane for 06 hours,MAERSKLINE,135.0,810.0
Thu,2024-07-18,08:00:00.000000000,14:30:00.000000000,7,0,BERNICA,OSS Stuffing,Rental of shorecrane for 07 hours,MAERSKLINE,135.0,945.0
Thu,2024-07-18,08:00:00.000000000,11:30:00.000000000,4,0,OCEAN BASKET,CCCS Container Stuffing,Rental of shorecrane for 04 hours,OCEAN BASKET,135.0,540.0
Fri,2024-07-19,10:00:00.000000000,12:35:00.000000000,3,0,OCEAN BASKET,CCCS Container Stuffing,Rental of shorecrane for 03 hours,MAERSKLINE,135.0,405.0
Mon,2024-07-22,14:40:00.000000000,16:10:00.000000000,2,0,ARTZA,OSS Stuffing,Rental of shorecrane for 02 hours,MAERSKLINE,135.0,270.0
Tue,2024-07-23,08:00:00.000000000,09:49:00.000000000,2,0,ARTZA,OSS Stuffing,Rental of shorecrane for 02 hours,MAERSKLINE,135.0,270.0
Fri,2024-07-26,08:00:00.000000000,10:11:00.000000000,3,0,AMIRANTE,CCCS Container Stuffing,Rental of shorecrane for 03 hours,MAERSKLINE,135.0,405.0
Fri,2024-07-26,10:15:00.000000000,12:45:00.000000000,3,0,ISLAND CATCH,CCCS Container Stuffing,Rental of shorecrane for 03 hours,MAERSKLINE,135.0,405.0
Sat,2024-07-27,12:00:00.000000000,17:15:00.000000000,6,1,OCEAN BASKET,CCCS Container Stuffing,Rental of shorecrane for 06 hours,MAERSKLINE,135.0,877.5
Wed,2024-07-31,08:00:00.000000000,10:50:00.000000000,3,0,OCEAN BASKET,CCCS Container Stuffing,Rental of shorecrane for 03 hours,MAERSKLINE,135.0,405.0
Mon,2024-08-05,08:00:00.000000000,09:38:00.000000000,2,0,AMIRANTE,CCCS Container Stuffing,Rental of shorecrane for 02 hours,MAERSKLINE,135.0,270.0
Mon,2024-08-05,08:00:00.000000000,15:26:00.000000000,8,0,GLENAN,OSS Stuffing,Rental of shorecrane for 08 hours,MAERSKLINE,135.0,1080.0
Thu,2024-08-08,08:00:00.000000000,12:10:00.000000000,5,0,AMIRANTE,CCCS Container Stuffing,Rental of shorecrane for 05 hours,MAERSKLINE,135.0,675.0
Thu,2024-08-08,12:11:00.000000000,16:18:00.000000000,5,0,OCEAN BASKET,CCCS Container Stuffing,Rental of shorecrane for 05 hours,MAERSKLINE,135.0,675.0
Thu,2024-08-08,16:19:00.000000000,17:00:00.000000000,1,0,AMIRANTE,CCCS Container Stuffing,Rental of shorecrane for 01 hours,MAERSKLINE,135.0,135.0
Mon,2024-08-12,08:00:00.000000000,17:10:00.000000000,10,1,AMIRANTE,CCCS Container Stuffing,Rental of shorecrane for 10 hours,MAERSKLINE,135.0,1417.5
Wed,2024-08-14,08:00:00.000000000,17:00:00.000000000,9,0,ISLAND CATCH,CCCS Container Stuffing,Rental of shorecrane for 09 hours,MAERSKLINE,135.0,1215.0
Fri,2024-08-16,08:00:00.000000000,10:03:00.000000000,3,0,ISLAND CATCH,CCCS Container Stuffing,Rental of shorecrane for 03 hours,MAERSKLINE,135.0,405.0
Fri,2024-08-16,12:50:00.000000000,14:22:00.000000000,2,0,OCEAN BASKET,CCCS Container Stuffing,Rental of shorecrane for 02 hours,MAERSKLINE,135.0,270.0
Fri,2024-08-16,10:13:00.000000000,12:00:00.000000000,2,0,AMIRANTE,CCCS Container Stuffing,Rental of shorecrane for 02 hours,MAERSKLINE,135.0,270.0
Mon,2024-08-19,08:00:00.000000000,16:45:00.000000000,9,0,DOLOMIEU,OSS Stuffing,Rental of shorecrane for 09 hours,MAERSKLINE,135.0,1215.0
Tue,2024-08-20,08:00:00.000000000,16:34:00.000000000,9,0,DOLOMIEU,OSS Stuffing,Rental of shorecrane for 09 hours,MAERSKLINE,135.0,1215.0
Tue,2024-08-20,08:00:00.000000000,10:26:00.000000000,3,0,OCEAN BASKET,CCCS Container Stuffing,Rental of shorecrane for 03 hours,MAERSKLINE,135.0,405.0
Tue,2024-08-20,10:30:00.000000000,16:30:00.000000000,6,0,INPESCA,CCCS Container Stuffing,Rental of shorecrane for 06 hours,MAERSKLINE,135.0,810.0
Wed,2024-08-21,08:00:00.000000000,16:38:00.000000000,9,0,ECHEBASTAR,CCCS Container Stuffing,Rental of shorecrane for 09 hours,MAERSKLINE,135.0,1215.0
Wed,2024-08-21,18:00:00.000000000,19:40:00.000000000,2,2,ESPS NUMANCIA,Loading Provision,Rental of shorecrane for 02 hours,MAHE SHIPPING,135.0,405.0
Wed,2024-08-21,08:00:00.000000000,16:42:00.000000000,9,0,INPESCA,CCCS Container Stuffing,Rental of shorecrane for 09 hours,MAERSKLINE,135.0,1215.0
Thu,2024-08-22,08:00:00.000000000,16:58:00.000000000,9,0,INPESCA,CCCS Container Stuffing,Rental of shorecrane for 09 hours,MAERSKLINE,135.0,1215.0
Fri,2024-08-23,08:00:00.000000000,12:24:00.000000000,5,0,AMIRANTE,CCCS Container Stuffing,Rental of shorecrane for 05 hours,MAERSKLINE,135.0,675.0
Fri,2024-08-23,12:30:00.000000000,17:00:00.000000000,5,0,ISLAND CATCH,CCCS Container Stuffing,Rental of shorecrane for 05 hours,MAERSKLINE,135.0,675.0
Sat,2024-08-24,08:00:00.000000000,11:38:00.000000000,4,0,ISLAND CATCH,CCCS Container Stuffing,Rental of shorecrane for 04 hours,MAERSKLINE,135.0,540.0
Sat,2024-08-24,11:45:00.000000000,14:17:00.000000000,3,0,OCEAN BASKET,CCCS Container Stuffing,Rental of shorecrane for 03 hours,MAERSKLINE,135.0,405.0
Sat,2024-08-24,14:26:00.000000000,15:19:00.000000000,1,0,INPESCA,CCCS Container Stuffing,Rental of shorecrane for 01 hours,MAERSKLINE,135.0,135.0
Sat,2024-08-24,08:00:00.000000000,16:44:00.000000000,9,0,BERNICA,OSS Stuffing,Rental of shorecrane for 09 hours,MAERSKLINE,135.0,1215.0
Mon,2024-08-26,08:00:00.000000000,15:18:00.000000000,8,0,ECHEBASTAR,CCCS Container Stuffing,Rental of shorecrane for 08 hours,MAERSKLINE,135.0,1080.0
Mon,2024-08-26,15:28:00.000000000,16:51:00.000000000,2,0,BERNICA,OSS Stuffing,Rental of shorecrane for 02 hours,MAERSKLINE,135.0,270.0
Tue,2024-08-27,08:00:00.000000000,09:20:00.000000000,2,0,BERNICA,OSS Stuffing,Rental of shorecrane for 02 hours,MAERSKLINE,135.0,270.0
Thu,2024-08-29,08:00:00.000000000,11:46:00.000000000,4,0,AMIRANTE,CCCS Container Stuffing,Rental of shorecrane for 04 hours,MAERSKLINE,135.0,540.0
Thu,2024-08-29,12:00:00.000000000,15:54:00.000000000,4,0,OCEAN BASKET,CCCS Container Stuffing,Rental of shorecrane for 04 hours,MAERSKLINE,135.0,540.0
Fri,2024-08-30,08:00:00.000000000,16:10:00.000000000,9,0,IOT,CCCS Container Stuffing,Rental of shorecrane for 09 hours,MAERSKLINE,135.0,1215.0
Sat,2024-08-31,08:00:00.000000000,14:12:00.000000000,7,0,IOT,CCCS Container Stuffing,Rental of shorecrane for 07 hours,MAERSKLINE,135.0,945.0
Sun,2024-09-01,08:00:00.000000000,12:02:00.000000000,5,0,IOT,CCCS Container Stuffing,Rental of shorecrane for 05 hours,MAERSKLINE,135.0,1012.5
Mon,2024-09-02,08:00:00.000000000,16:52:00.000000000,9,0,FRANCHE TERRE,OSS Stuffing,Rental of shorecrane for 09 hours,MAERSKLINE,135.0,1215.0
Mon,2024-09-02,08:00:00.000000000,16:30:00.000000000,9,0,ECHEBASTAR,CCCS Container Stuffing,Rental of shorecrane for 09 hours,MAERSKLINE,135.0,1215.0
Tue,2024-09-03,08:00:00.000000000,16:46:00.000000000,9,0,FRANCHE TERRE,OSS Stuffing,Rental of shorecrane for 09 hours,MAERSKLINE,135.0,1215.0
Tue,2024-09-03,08:00:00.000000000,14:39:00.000000000,7,0,ECHEBASTAR,CCCS Container Stuffing,Rental of shorecrane for 07 hours,MAERSKLINE,135.0,945.0
Wed,2024-09-04,08:00:00.000000000,16:48:00.000000000,9,0,FRANCHE TERRE,OSS Stuffing,Rental of shorecrane for 09 hours,MAERSKLINE,135.0,1215.0
Thu,2024-09-05,08:00:00.000000000,15:58:00.000000000,8,0,FRANCHE TERRE,OSS Stuffing,Rental of shorecrane for 08 hours,MAERSKLINE,135.0,1080.0
Fri,2024-09-06,08:00:00.000000000,09:59:00.000000000,2,0,AMIRANTE,CCCS Container Stuffing,Rental of shorecrane for 02 hours,MAERSKLINE,135.0,270.0
Fri,2024-09-06,08:00:00.000000000,14:14:00.000000000,7,0,FRANCHE TERRE,OSS Stuffing,Rental of shorecrane for 07 hours,MAERSKLINE,135.0,945.0
Fri,2024-09-06,10:00:00.000000000,16:00:00.000000000,6,0,OCEAN BASKET,CCCS Container Stuffing,Rental of shorecrane for 06 hours,MAERSKLINE,135.0,810.0
Fri,2024-09-06,08:00:00.000000000,16:00:00.000000000,8,0,IOT,CCCS Container Stuffing,Rental of shorecrane for 08 hours,MAERSKLINE,135.0,1080.0
Sat,2024-09-07,08:00:00.000000000,10:23:00.000000000,3,0,ISLAND CATCH,CCCS Container Stuffing,Rental of shorecrane for 03 hours,MAERSKLINE,135.0,405.0
Sat,2024-09-07,10:54:00.000000000,16:56:00.000000000,7,0,INPESCA,CCCS Container Stuffing,Rental of shorecrane for 07 hours,MAERSKLINE,135.0,945.0
Sat,2024-09-07,08:00:00.000000000,16:56:00.000000000,9,0,INPESCA,CCCS Container Stuffing,Rental of shorecrane for 09 hours,MAERSKLINE,135.0,1215.0
Mon,2024-09-09,08:00:00.000000000,16:55:00.000000000,9,0,INPESCA,CCCS Container Stuffing,Rental of shorecrane for 09 hours,MAERSKLINE,135.0,1215.0
Mon,2024-09-09,08:00:00.000000000,17:00:00.000000000,9,0,INPESCA,CCCS Container Stuffing,Rental of shorecrane for 09 hours,MAERSKLINE,135.0,1215.0
Thu,2024-09-12,08:00:00.000000000,17:00:00.000000000,9,0,IOT,CCCS Container Stuffing,Rental of shorecrane for 09 hours,MAERSKLINE,135.0,1215.0
Fri,2024-09-13,08:00:00.000000000,10:16:00.000000000,3,0,OCEAN BASKET,CCCS Container Stuffing,Rental of shorecrane for 03 hours,MAERSKLINE,135.0,405.0
Fri,2024-09-13,10:23:00.000000000,13:25:00.000000000,4,0,AMIRANTE,CCCS Container Stuffing,Rental of shorecrane for 04 hours,MAERSKLINE,135.0,540.0
Fri,2024-09-13,13:30:00.000000000,16:48:00.000000000,4,0,ISLAND CATCH,CCCS Container Stuffing,Rental of shorecrane for 04 hours,MAERSKLINE,135.0,540.0
Sat,2024-09-14,08:00:00.000000000,16:09:00.000000000,9,0,INPESCA,CCCS Container Stuffing,Rental of shorecrane for 09 hours,MAERSKLINE,135.0,1215.0
Sun,2024-09-22,12:35:00.000000000,15:53:00.000000000,4,0,DRENNEC,OSS Stuffing,Rental of shorecrane for 04 hours,MAERSKLINE,135.0,810.0
Mon,2024-09-23,08:00:00.000000000,16:40:00.000000000,9,0,DRENNEC,OSS Stuffing,Rental of shorecrane for 09 hours,MAERSKLINE,135.0,1215.0
Tue,2024-09-24,08:00:00.000000000,16:43:00.000000000,9,0,DRENNEC,OSS Stuffing,Rental of shorecrane for 09 hours,MAERSKLINE,135.0,1215.0
Wed,2024-09-25,08:00:00.000000000,16:52:00.000000000,9,0,DRENNEC,OSS Stuffing,Rental of shorecrane for 09 hours,MAERSKLINE,135.0,1215.0
Wed,2024-09-25,10:00:00.000000000,16:29:00.000000000,7,0,BERNICA,OSS Stuffing,Rental of shorecrane for 07 hours,MAERSKLINE,135.0,945.0
Thu,2024-09-26,08:00:00.000000000,15:23:00.000000000,8,0,BERNICA,OSS Stuffing,Rental of shorecrane for 08 hours,MAERSKLINE,135.0,1080.0
Thu,2024-09-26,08:00:00.000000000,09:57:00.000000000,2,0,DRENNEC,OSS Stuffing,Rental of shorecrane for 02 hours,MAERSKLINE,135.0,270.0
Fri,2024-09-27,10:41:00.000000000,12:16:00.000000000,2,0,CAPE CORAL,OSS Stuffing,Rental of shorecrane for 02 hours,MAERSKLINE,135.0,270.0
Fri,2024-09-27,15:40:00.000000000,17:51:00.000000000,3,1,CAPE CORAL,By Catch,Rental of shorecrane for 03 hours,ALBA FISHING,135.0,472.5
Fri,2024-09-27,14:30:00.000000000,16:49:00.000000000,3,0,DOLOMIEU,OSS Stuffing,Rental of shorecrane for 03 hours,MAERSKLINE,135.0,405.0
Sun,2024-09-29,12:03:00.000000000,15:51:00.000000000,4,0,DOLOMIEU,OSS Stuffing,Rental of shorecrane for 04 hours,MAERSKLINE,135.0,810.0
Sun,2024-09-29,10:00:00.000000000,17:00:00.000000000,7,1,CAPE CORAL,By Catch,Rental of shorecrane for 07 hours,ALBA FISHING,135.0,1485.0
Mon,2024-09-30,08:00:00.000000000,09:54:00.000000000,2,0,DOLOMIEU,OSS Stuffing,Rental of shorecrane for 02 hours,MAERSKLINE,135.0,270.0
Thu,2024-10-03,08:00:00.000000000,17:10:00.000000000,10,1,ECHEBASTAR,CCCS Container Stuffing,Rental of shorecrane for 10 hours,MAERSKLINE,135.0,1417.5
Fri,2024-10-04,10:50:00.000000000,14:17:00.000000000,4,0,AMIRANTE,CCCS Container Stuffing,Rental of shorecrane for 04 hours,MAERSKLINE,135.0,540.0
Fri,2024-10-04,08:00:00.000000000,10:07:00.000000000,3,0,ECHEBASTAR,CCCS Container Stuffing,Rental of shorecrane for 03 hours,MAERSKLINE,135.0,405.0
Sat,2024-10-05,08:00:00.000000000,11:38:00.000000000,4,0,ISLAND CATCH,CCCS Container Stuffing,Rental of shorecrane for 04 hours,MAERSKLINE,135.0,540.0
Sat,2024-10-05,11:45:00.000000000,15:59:00.000000000,5,0,ECHEBASTAR,CCCS Container Stuffing,Rental of shorecrane for 05 hours,MAERSKLINE,135.0,675.0
Tue,2024-10-08,08:00:00.000000000,11:37:00.000000000,4,0,AMIRANTE,CCCS Container Stuffing,Rental of shorecrane for 04 hours,MAERSKLINE,135.0,540.0
Tue,2024-10-08,11:43:00.000000000,15:34:00.000000000,4,0,OCEAN BASKET,CCCS Container Stuffing,Rental of shorecrane for 04 hours,MAERSKLINE,135.0,540.0
Tue,2024-10-08,08:00:00.000000000,16:46:00.000000000,9,0,FRANCHE TERRE,OSS Stuffing,Rental of shorecrane for 09 hours,MAERSKLINE,135.0,1215.0
Wed,2024-10-09,08:00:00.000000000,17:13:00.000000000,10,1,ECHEBASTAR,CCCS Container Stuffing,Rental of shorecrane for 10 hours,MAERSKLINE,135.0,1417.5
Thu,2024-10-10,08:00:00.000000000,14:00:00.000000000,6,0,FRANCHE TERRE,OSS Stuffing,Rental of shorecrane for 06 hours,MAERSKLINE,135.0,810.0
Thu,2024-10-10,10:31:00.000000000,16:57:00.000000000,7,0,ECHEBASTAR,CCCS Container Stuffing,Rental of shorecrane for 07 hours,MAERSKLINE,135.0,945.0
Thu,2024-10-10,08:00:00.000000000,10:23:00.000000000,3,0,OCEAN BASKET,CCCS Container Stuffing,Rental of shorecrane for 03 hours,MAERSKLINE,135.0,405.0
Fri,2024-10-11,08:00:00.000000000,17:00:00.000000000,9,0,ECHEBASTAR,CCCS Container Stuffing,Rental of shorecrane for 09 hours,MAERSKLINE,135.0,1215.0
Sat,2024-10-12,08:00:00.000000000,08:44:00.000000000,1,0,ECHEBASTAR,CCCS Container Stuffing,Rental of shorecrane for 01 hours,MAERSKLINE,135.0,135.0
Sat,2024-10-12,08:45:00.000000000,10:06:00.000000000,2,0,AMIRANTE,CCCS Container Stuffing,Rental of shorecrane for 02 hours,MAERSKLINE,135.0,270.0
Sat,2024-10-12,10:15:00.000000000,12:05:00.000000000,2,0,ECHEBASTAR,CCCS Container Stuffing,Rental of shorecrane for 02 hours,MAERSKLINE,135.0,270.0
Sat,2024-10-12,12:05:00.000000000,13:20:00.000000000,2,0,AMIRANTE,CCCS Container Stuffing,Rental of shorecrane for 02 hours,MAERSKLINE,135.0,270.0
Sat,2024-10-12,13:21:00.000000000,15:22:00.000000000,3,0,ECHEBASTAR,CCCS Container Stuffing,Rental of shorecrane for 03 hours,MAERSKLINE,135.0,405.0
Sat,2024-10-12,15:22:00.000000000,17:00:00.000000000,2,0,AMIRANTE,CCCS Container Stuffing,Rental of shorecrane for 02 hours,MAERSKLINE,135.0,270.0
Sun,2024-10-13,08:00:00.000000000,15:54:00.000000000,8,0,TORRE ITALIA,OSS Stuffing,Rental of shorecrane for 08 hours,MAERSKLINE,135.0,1620.0
Mon,2024-10-14,08:00:00.000000000,16:43:00.000000000,9,0,TORRE ITALIA,OSS Stuffing,Rental of shorecrane for 09 hours,MAERSKLINE,135.0,1215.0
Mon,2024-10-14,08:00:00.000000000,16:49:00.000000000,9,0,TORRE ITALIA,OSS Stuffing,Rental of shorecrane for 09 hours,MAERSKLINE,135.0,1215.0
Tue,2024-10-15,08:00:00.000000000,10:56:00.000000000,3,0,TORRE ITALIA,OSS Stuffing,Rental of shorecrane for 03 hours,MAERSKLINE,135.0,405.0
Tue,2024-10-15,11:00:00.000000000,17:00:00.000000000,6,0,AMIRANTE,CCCS Container Stuffing,Rental of shorecrane for 06 hours,MAERSKLINE,135.0,810.0
Wed,2024-10-16,09:14:00.000000000,16:26:00.000000000,8,0,IOT,CCCS Container Stuffing,Rental of shorecrane for 08 hours,MAERSKLINE,135.0,1080.0
Wed,2024-10-16,08:00:00.000000000,08:58:00.000000000,1,0,AMIRANTE,CCCS Container Stuffing,Rental of shorecrane for 01 hours,MAERSKLINE,135.0,135.0
Thu,2024-10-17,13:46:00.000000000,16:12:00.000000000,3,0,ISLAND CATCH,CCCS Container Stuffing,Rental of shorecrane for 03 hours,MAERSKLINE,135.0,405.0
Fri,2024-10-18,08:00:00.000000000,15:20:00.000000000,8,0,ISLAND CATCH,CCCS Container Stuffing,Rental of shorecrane for 08 hours,MAERSKLINE,135.0,1080.0
Fri,2024-10-18,15:22:00.000000000,17:00:00.000000000,2,0,OCEAN BASKET,CCCS Container Stuffing,Rental of shorecrane for 02 hours,MAERSKLINE,135.0,270.0
Sat,2024-10-19,08:00:00.000000000,13:59:00.000000000,6,0,OCEAN BASKET,CCCS Container Stuffing,Rental of shorecrane for 06 hours,MAERSKLINE,135.0,810.0
Sat,2024-10-19,14:40:00.000000000,16:50:00.000000000,3,0,AMIRANTE,CCCS Container Stuffing,Rental of shorecrane for 03 hours,MAERSKLINE,135.0,405.0
Mon,2024-10-21,08:00:00.000000000,17:00:00.000000000,9,0,IOT,CCCS Container Stuffing,Rental of shorecrane for 09 hours,MAERSKLINE,135.0,1215.0
Mon,2024-10-21,08:00:00.000000000,11:27:00.000000000,4,0,MAN AN,Stuffing,Rental of shorecrane for 04 hours,AQUARIUS,135.0,540.0
Tue,2024-10-22,08:00:00.000000000,10:34:00.000000000,3,0,IOT,CCCS Container Stuffing,Rental of shorecrane for 03 hours,MAERSKLINE,135.0,405.0
Tue,2024-10-22,10:55:00.000000000,15:00:00.000000000,5,0,AMIRANTE,CCCS Container Stuffing,Rental of shorecrane for 05 hours,MAERSKLINE,135.0,675.0
Tue,2024-10-22,15:31:00.000000000,17:00:00.000000000,2,0,OCEAN BASKET,CCCS Container Stuffing,Rental of shorecrane for 02 hours,MAERSKLINE,135.0,270.0
Wed,2024-10-23,08:00:00.000000000,13:10:00.000000000,6,0,OCEAN BASKET,CCCS Container Stuffing,Rental of shorecrane for 06 hours,MAERSKLINE,135.0,810.0
Wed,2024-10-23,14:02:00.000000000,15:55:00.000000000,2,0,IOT,CCCS Container Stuffing,Rental of shorecrane for 02 hours,MAERSKLINE,135.0,270.0
Wed,2024-10-23,15:55:00.000000000,17:00:00.000000000,2,0,OCEAN BASKET,CCCS Container Stuffing,Rental of shorecrane for 02 hours,MAERSKLINE,135.0,270.0
Thu,2024-10-24,08:00:00.000000000,09:15:00.000000000,2,0,OCEAN BASKET,CCCS Container Stuffing,Rental of shorecrane for 02 hours,MAERSKLINE,135.0,270.0
Thu,2024-10-24,09:23:00.000000000,11:00:00.000000000,2,0,IOT,CCCS Container Stuffing,Rental of shorecrane for 02 hours,MAERSKLINE,135.0,270.0
Thu,2024-10-24,11:05:00.000000000,13:08:00.000000000,3,0,ISLAND CATCH,CCCS Container Stuffing,Rental of shorecrane for 03 hours,MAERSKLINE,135.0,405.0
Thu,2024-10-24,13:11:00.000000000,17:19:00.000000000,5,1,IOT,CCCS Container Stuffing,Rental of shorecrane for 05 hours,MAERSKLINE,135.0,742.5
Sat,2024-10-26,08:00:00.000000000,12:33:00.000000000,5,0,AMIRANTE,CCCS Container Stuffing,Rental of shorecrane for 05 hours,MAERSKLINE,135.0,675.0
Sat,2024-10-26,13:00:00.000000000,14:32:00.000000000,2,0,ECHEBASTAR,CCCS Container Stuffing,Rental of shorecrane for 02 hours,MAERSKLINE,135.0,270.0
Tue,2024-10-29,08:00:00.000000000,16:56:00.000000000,9,0,DRACO,OSS Stuffing,Rental of shorecrane for 09 hours,MAERSKLINE,135.0,1215.0
Wed,2024-10-30,14:00:00.000000000,18:00:00.000000000,4,1,ISLAND CATCH,CCCS Container Stuffing,Rental of shorecrane for 04 hours,ISLAND CATCH,135.0,607.5
Thu,2024-10-31,08:00:00.000000000,11:21:00.000000000,4,0,AMIRANTE,CCCS Container Stuffing,Rental of shorecrane for 04 hours,MAERSKLINE,135.0,540.0
Thu,2024-10-31,11:30:00.000000000,15:54:00.000000000,5,0,OCEAN BASKET,CCCS Container Stuffing,Rental of shorecrane for 05 hours,MAERSKLINE,135.0,675.0
Mon,2024-11-04,08:00:00.000000000,16:55:00.000000000,9,0,SAPMER,CCCS Container Stuffing,Rental of shorecrane for 09 hours,SAPMER,135.0,1215.0
Tue,2024-11-05,08:00:00.000000000,11:01:00.000000000,4,0,SAPMER,CCCS Container Stuffing,Rental of shorecrane for 04 hours,SAPMER,135.0,540.0
Wed,2024-11-13,08:00:00.000000000,13:45:00.000000000,6,0,AMIRANTE,CCCS Container Stuffing,Rental of shorecrane for 06 hours,MAERSKLINE,135.0,810.0
Wed,2024-11-13,13:48:00.000000000,18:28:00.000000000,5,2,OCEAN BASKET,CCCS Container Stuffing,Rental of shorecrane for 05 hours,MAERSKLINE,135.0,810.0
Sun,2024-11-24,13:35:00.000000000,15:52:00.000000000,3,0,BERNICA,OSS Stuffing,Rental of shorecrane for 03 hours,MAERSKLINE,135.0,607.5
Mon,2024-11-25,08:00:00.000000000,11:27:00.000000000,4,0,SHIN SHUEN FAR No. 668,Stuffing,Rental of shorecrane for 04 hours,AQUARIUS,135.0,540.0
Mon,2024-11-25,11:30:00.000000000,15:25:00.000000000,4,0,SHIN SHUEN FAR No. 699,Stuffing,Rental of shorecrane for 04 hours,AQUARIUS,135.0,540.0
Fri,2024-11-29,13:00:00.000000000,14:30:00.000000000,2,0,GALERNA LAU,Stuffing,Rental of shorecrane for 02 hours,ALBA FISHING,135.0,270.0
Sat,2024-11-30,10:50:00.000000000,13:52:00.000000000,4,0,SAPMER,Cross Stuffing,Rental of shorecrane for 04 hours,SAPMER,135.0,540.0
Mon,2024-12-02,10:05:00.000000000,16:35:00.000000000,7,0,SAPMER,Cross Stuffing,Rental of shorecrane for 07 hours,SAPMER,135.0,945.0
Tue,2024-12-03,09:08:00.000000000,13:50:00.000000000,5,0,SAPMER,Cross Stuffing,Rental of shorecrane for 05 hours,SAPMER,135.0,675.0
Wed,2024-12-04,08:00:00.000000000,17:15:00.000000000,10,1,IOT,CCCS Container Stuffing,Rental of shorecrane for 10 hours,IOT,135.0,1417.5
Thu,2024-12-05,08:00:00.000000000,10:42:00.000000000,3,0,AMIRANTE,CCCS Container Stuffing,Rental of shorecrane for 03 hours,MAERSKLINE,135.0,405.0
Thu,2024-12-05,10:50:00.000000000,12:17:00.000000000,2,0,IOT,CCCS Container Stuffing,Rental of shorecrane for 02 hours,IOT,135.0,270.0
Thu,2024-12-05,12:20:00.000000000,17:00:00.000000000,5,0,OCEAN BASKET,CCCS Container Stuffing,Rental of shorecrane for 05 hours,MAERSKLINE,135.0,675.0
Fri,2024-12-06,08:00:00.000000000,09:50:00.000000000,2,0,IOT,CCCS Container Stuffing,Rental of shorecrane for 02 hours,IOT,135.0,270.0
Fri,2024-12-06,10:00:00.000000000,13:24:00.000000000,4,0,INPESCA,CCCS Container Stuffing,Rental of shorecrane for 04 hours,MAERSKLINE,135.0,540.0
Fri,2024-12-06,13:30:00.000000000,16:23:00.000000000,3,0,OCEAN BASKET,CCCS Container Stuffing,Rental of shorecrane for 03 hours,MAERSKLINE,135.0,405.0
Fri,2024-12-06,08:00:00.000000000,16:50:00.000000000,9,0,FRANCHE TERRE,OSS Stuffing,Rental of shorecrane for 09 hours,MAERSKLINE,135.0,1215.0
Fri,2024-12-06,11:11:00.000000000,16:04:00.000000000,5,0,LAND MARINE LIMITED,Cross Stuffing,Rental of shorecrane for 05 hours,LML,135.0,675.0
Sat,2024-12-07,08:00:00.000000000,11:38:00.000000000,4,0,AMIRANTE,CCCS Container Stuffing,Rental of shorecrane for 04 hours,MAERSKLINE,135.0,540.0
Sat,2024-12-07,11:40:00.000000000,16:57:00.000000000,6,0,OCEAN BASKET,CCCS Container Stuffing,Rental of shorecrane for 06 hours,MAERSKLINE,135.0,810.0
Sat,2024-12-07,08:00:00.000000000,16:53:00.000000000,9,0,FRANCHE TERRE,OSS Stuffing,Rental of shorecrane for 09 hours,MAERSKLINE,135.0,1215.0
Sat,2024-12-07,09:22:00.000000000,12:24:00.000000000,4,0,LAND MARINE LIMITED,Cross Stuffing,Rental of shorecrane for 04 hours,LML,135.0,540.0
Sat,2024-12-07,10:24:00.000000000,16:15:00.000000000,6,0,SAPMER,Cross Stuffing,Rental of shorecrane for 06 hours,SAPMER,135.0,810.0
PH,2024-12-08,08:00:00.000000000,15:54:00.000000000,8,0,FRANCHE TERRE,OSS Stuffing,Rental of shorecrane for 08 hours,MAERSKLINE,135.0,1620.0
PH,2024-12-09,10:29:00.000000000,15:50:00.000000000,6,0,FRANCHE TERRE,OSS Stuffing,Rental of shorecrane for 06 hours,MAERSKLINE,135.0,1215.0
PH,2024-12-09,09:00:00.000000000,15:08:00.000000000,7,0,SAPMER,Cross Stuffing,Rental of shorecrane for 07 hours,SAPMER,135.0,1417.5
Tue,2024-12-10,08:00:00.000000000,10:25:00.000000000,3,0,FRANCHE TERRE,OSS Stuffing,Rental of shorecrane for 03 hours,MAERSKLINE,135.0,405.0
Tue,2024-12-10,09:00:00.000000000,15:30:00.000000000,7,0,SAPMER,Cross Stuffing,Rental of shorecrane for 07 hours,SAPMER,135.0,945.0
Tue,2024-12-10,08:00:00.000000000,16:17:00.000000000,9,0,ISLAND CATCH,CCCS Container Stuffing,Rental of shorecrane for 09 hours,MAERSKLINE,135.0,1215.0
Wed,2024-12-11,08:00:00.000000000,13:15:00.000000000,6,0,AMIRANTE,CCCS Container Stuffing,Rental of shorecrane for 06 hours,MAERSKLINE,135.0,810.0
Wed,2024-12-11,13:30:00.000000000,16:42:00.000000000,4,0,OCEAN BASKET,CCCS Container Stuffing,Rental of shorecrane for 04 hours,MAERSKLINE,135.0,540.0
Thu,2024-12-12,08:00:00.000000000,16:20:00.000000000,9,0,OCEAN BASKET,CCCS Container Stuffing,Rental of shorecrane for 09 hours,MAERSKLINE,135.0,1215.0
Fri,2024-12-13,08:00:00.000000000,15:24:00.000000000,8,0,OCEAN BASKET,CCCS Container Stuffing,Rental of shorecrane for 08 hours,MAERSKLINE,135.0,1080.0
Fri,2024-12-13,15:43:00.000000000,16:59:00.000000000,2,0,AMIRANTE,CCCS Container Stuffing,Rental of shorecrane for 02 hours,MAERSKLINE,135.0,270.0
Mon,2024-12-16,08:00:00.000000000,17:14:00.000000000,10,1,TXORI TOKI,Loading to CCCS,Rental of shorecrane for 10 hours,INPESCA SA,135.0,1417.5
Mon,2024-12-16,08:00:00.000000000,17:47:00.000000000,10,1,CAPE CORAL,OSS Stuffing,Rental of shorecrane for 10 hours,MAERSKLINE,135.0,1417.5
Tue,2024-12-17,08:00:00.000000000,18:45:00.000000000,11,2,CAPE CORAL,OSS Stuffing,Rental of shorecrane for 11 hours,MAERSKLINE,135.0,1620.0
Tue,2024-12-17,08:00:00.000000000,15:49:00.000000000,8,0,DOLOMIEU,OSS Stuffing,Rental of shorecrane for 08 hours,MAERSKLINE,135.0,1080.0
Tue,2024-12-17,08:00:00.000000000,17:00:00.000000000,9,0,TXORI TOKI,Loading to CCCS,Rental of shorecrane for 09 hours,INPESCA SA,135.0,1215.0
Wed,2024-12-18,08:00:00.000000000,15:04:00.000000000,8,0,CAPE CORAL,OSS Stuffing,Rental of shorecrane for 08 hours,MAERSKLINE,135.0,1080.0
Wed,2024-12-18,08:00:00.000000000,13:25:00.000000000,6,0,TXORI TOKI,Loading to CCCS,Rental of shorecrane for 06 hours,INPESCA SA,135.0,810.0
Wed,2024-12-18,08:00:00.000000000,16:40:00.000000000,9,0,DOLOMIEU,OSS Stuffing,Rental of shorecrane for 09 hours,MAERSKLINE,135.0,1215.0
Thu,2024-12-19,08:00:00.000000000,13:06:00.000000000,6,0,ALBACORA UNO,OSS Stuffing,Rental of shorecrane for 06 hours,MAERSKLINE,135.0,810.0
Thu,2024-12-19,08:00:00.000000000,15:30:00.000000000,8,0,DOLOMIEU,OSS Stuffing,Rental of shorecrane for 08 hours,MAERSKLINE,135.0,1080.0
Thu,2024-12-19,08:00:00.000000000,16:43:00.000000000,9,0,ITSAS TXORI,OSS Stuffing,Rental of shorecrane for 09 hours,MAERSKLINE,135.0,1215.0
Thu,2024-12-19,08:00:00.000000000,09:00:00.000000000,1,0,TXORI TOKI,Loading to CCCS,Rental of shorecrane for 01 hours,INPESCA SA,135.0,135.0
Thu,2024-12-19,15:40:00.000000000,17:00:00.000000000,2,0,AMIRANTE,CCCS Container Stuffing,Rental of shorecrane for 02 hours,MAERSKLINE,135.0,270.0
Fri,2024-12-20,08:00:00.000000000,13:50:00.000000000,6,0,AMIRANTE,CCCS Container Stuffing,Rental of shorecrane for 06 hours,MAERSKLINE,135.0,810.0
Fri,2024-12-20,14:10:00.000000000,17:00:00.000000000,3,0,OCEAN BASKET,CCCS Container Stuffing,Rental of shorecrane for 03 hours,MAERSKLINE,135.0,405.0
Fri,2024-12-20,08:00:00.000000000,17:30:00.000000000,10,1,TXORI TOKI,Loading to CCCS,Rental of shorecrane for 10 hours,INPESCA SA,135.0,1417.5
Fri,2024-12-20,08:00:00.000000000,13:04:00.000000000,6,0,ITSAS TXORI,OSS Stuffing,Rental of shorecrane for 06 hours,MAERSKLINE,135.0,810.0
Fri,2024-12-20,13:05:00.000000000,18:33:00.000000000,6,2,TXORI ARGI,OSS Stuffing,Rental of shorecrane for 06 hours,MAERSKLINE,135.0,945.0
Fri,2024-12-20,11:00:00.000000000,16:52:00.000000000,6,0,DOLOMIEU,OSS Stuffing,Rental of shorecrane for 06 hours,MAERSKLINE,135.0,810.0
Sat,2024-12-21,12:21:00.000000000,16:50:00.000000000,5,0,OCEAN BASKET,CCCS Container Stuffing,Rental of shorecrane for 05 hours,MAERSKLINE,135.0,675.0
Sat,2024-12-21,08:00:00.000000000,11:34:00.000000000,4,0,TXORI TOKI,Loading to CCCS,Rental of shorecrane for 04 hours,INPESCA SA,135.0,540.0
Sat,2024-12-21,08:00:00.000000000,12:00:00.000000000,4,0,ISLAND CATCH,CCCS Container Stuffing,Rental of shorecrane for 04 hours,MAERSKLINE,135.0,540.0
Sat,2024-12-21,14:00:00.000000000,17:00:00.000000000,3,0,DOLOMIEU,OSS Stuffing,Rental of shorecrane for 03 hours,MAERSKLINE,135.0,405.0
Sun,2024-12-22,14:00:00.000000000,16:00:00.000000000,2,0,DOLOMIEU,OSS Stuffing,Rental of shorecrane for 02 hours,MAERSKLINE,135.0,405.0
Mon,2024-12-23,08:00:00.000000000,16:56:00.000000000,9,0,OCEAN BASKET,CCCS Container Stuffing,Rental of shorecrane for 09 hours,MAERSKLINE,135.0,1215.0
Mon,2024-12-23,08:00:00.000000000,17:00:00.000000000,9,0,AMIRANTE,CCCS Container Stuffing,Rental of shorecrane for 09 hours,MAERSKLINE,135.0,1215.0
Thu,2024-12-26,14:02:00.000000000,17:00:00.000000000,3,0,OCEAN BASKET,CCCS Container Stuffing,Rental of shorecrane for 03 hours,MAERSKLINE,135.0,405.0
Thu,2024-12-26,11:04:00.000000000,13:25:00.000000000,3,0,AMIRANTE,CCCS Container Stuffing,Rental of shorecrane for 03 hours,MAERSKLINE,135.0,405.0
Fri,2024-12-27,08:00:00.000000000,17:00:00.000000000,9,0,OCEAN BASKET,CCCS Container Stuffing,Rental of shorecrane for 09 hours,MAERSKLINE,135.0,1215.0
Sat,2024-12-28,08:00:00.000000000,09:15:00.000000000,2,0,OCEAN BASKET,CCCS Container Stuffing,Rental of shorecrane for 02 hours,MAERSKLINE,135.0,270.0
Sat,2024-12-28,09:21:00.000000000,17:28:00.000000000,9,1,AMIRANTE,CCCS Container Stuffing,Rental of shorecrane for 09 hours,MAERSKLINE,135.0,1282.5
Mon,2024-12-30,13:14:00.000000000,16:00:00.000000000,3,0,AMIRANTE,CCCS Container Stuffing,Rental of shorecrane for 03 hours,MAERSKLINE,135.0,405.0
Mon,2024-12-30,08:00:00.000000000,16:53:00.000000000,9,0,INPESCA,CCCS Container Stuffing,Rental of shorecrane for 09 hours,MAERSKLINE,135.0,1215.0
Tue,2024-12-31,08:00:00.000000000,12:00:00.000000000,4,0,INPESCA,CCCS Container Stuffing,Rental of shorecrane for 04 hours,MAERSKLINE,135.0,540.0
Fri,2025-01-03,08:00:00.000000000,17:30:00.000000000,10,1,INPESCA,CCCS Container Stuffing,Rental of shorecrane for 10 hours,MAERSKLINE,135.0,1417.5
Fri,2025-01-03,08:00:00.000000000,17:00:00.000000000,9,0,AMIRANTE,CCCS Container Stuffing,Rental of shorecrane for 09 hours,MAERSKLINE,135.0,1215.0
Sat,2025-01-04,08:00:00.000000000,09:51:00.000000000,2,0,INPESCA,CCCS Container Stuffing,Rental of shorecrane for 02 hours,MAERSKLINE,135.0,270.0
Sat,2025-01-04,10:00:00.000000000,15:05:00.000000000,6,0,AMIRANTE,CCCS Container Stuffing,Rental of shorecrane for 06 hours,MAERSKLINE,135.0,810.0
Mon,2025-01-06,08:00:00.000000000,11:00:00.000000000,3,0,DOLOMIEU,OSS Stuffing,Rental of shorecrane for 03 hours,MAERSKLINE,135.0,405.0
Wed,2025-01-08,08:00:00.000000000,16:49:00.000000000,9,0,INPESCA,CCCS Container Stuffing,Rental of shorecrane for 09 hours,MAERSKLINE,135.0,1215.0
Wed,2025-01-08,08:00:00.000000000,14:55:00.000000000,7,0,AMIRANTE,CCCS Container Stuffing,Rental of shorecrane for 07 hours,MAERSKLINE,135.0,945.0
Wed,2025-01-08,15:00:00.000000000,16:54:00.000000000,2,0,OCEAN BASKET,CCCS Container Stuffing,Rental of shorecrane for 02 hours,MAERSKLINE,135.0,270.0
Thu,2025-01-09,08:00:00.000000000,14:27:00.000000000,7,0,INPESCA,CCCS Container Stuffing,Rental of shorecrane for 07 hours,MAERSKLINE,135.0,945.0
Thu,2025-01-09,08:00:00.000000000,16:59:00.000000000,9,0,OCEAN BASKET,CCCS Container Stuffing,Rental of shorecrane for 09 hours,MAERSKLINE,135.0,1215.0
Thu,2025-01-09,14:28:00.000000000,16:51:00.000000000,3,0,AMIRANTE,CCCS Container Stuffing,Rental of shorecrane for 03 hours,MAERSKLINE,135.0,405.0
Fri,2025-01-10,16:02:00.000000000,16:57:00.000000000,1,0,AMIRANTE,CCCS Container Stuffing,Rental of shorecrane for 01 hours,MAERSKLINE,135.0,135.0
Fri,2025-01-10,15:53:00.000000000,16:57:00.000000000,2,0,OCEAN BASKET,CCCS Container Stuffing,Rental of shorecrane for 02 hours,MAERSKLINE,135.0,270.0
Fri,2025-01-10,08:00:00.000000000,15:31:00.000000000,8,0,NF TUNA PEAK,Stuffing,Rental of shorecrane for 08 hours,NAUTILUS MARE,135.0,1080.0
Fri,2025-01-10,08:00:00.000000000,15:55:00.000000000,8,0,NF TUNA PEAK No. 1,Stuffing,Rental of shorecrane for 08 hours,NAUTILUS MARE,135.0,1080.0
Fri,2025-01-10,08:00:00.000000000,14:38:00.000000000,7,0,INDO PRINCE,Stuffing,Rental of shorecrane for 07 hours,AQUARIUS,135.0,945.0
Sat,2025-01-11,08:00:00.000000000,16:57:00.000000000,9,0,OCEAN BASKET,CCCS Container Stuffing,Rental of shorecrane for 09 hours,MAERSKLINE,135.0,1215.0
Sat,2025-01-11,08:00:00.000000000,16:57:00.000000000,9,0,AMIRANTE,CCCS Container Stuffing,Rental of shorecrane for 09 hours,MAERSKLINE,135.0,1215.0
Sun,2025-01-12,08:00:00.000000000,15:29:00.000000000,8,0,AMIRANTE,CCCS Container Stuffing,Rental of shorecrane for 08 hours,MAERSKLINE,135.0,1620.0
Sun,2025-01-12,08:00:00.000000000,15:54:00.000000000,8,0,AMIRANTE,CCCS Container Stuffing,Rental of shorecrane for 08 hours,MAERSKLINE,135.0,1620.0
Mon,2025-01-13,08:00:00.000000000,12:38:00.000000000,5,0,AMIRANTE,CCCS Container Stuffing,Rental of shorecrane for 05 hours,MAERSKLINE,135.0,675.0
Mon,2025-01-13,12:45:00.000000000,15:59:00.000000000,4,0,OCEAN BASKET,CCCS Container Stuffing,Rental of shorecrane for 04 hours,MAERSKLINE,135.0,540.0
Mon,2025-01-13,08:00:00.000000000,16:19:00.000000000,9,0,OCEAN BASKET,CCCS Container Stuffing,Rental of shorecrane for 09 hours,MAERSKLINE,135.0,1215.0
Tue,2025-01-14,08:00:00.000000000,17:00:00.000000000,9,0,OCEAN BASKET,CCCS Container Stuffing,Rental of shorecrane for 09 hours,MAERSKLINE,135.0,1215.0
Tue,2025-01-14,08:00:00.000000000,17:00:00.000000000,9,0,OCEAN BASKET,CCCS Container Stuffing,Rental of shorecrane for 09 hours,MAERSKLINE,135.0,1215.0
Wed,2025-01-15,08:00:00.000000000,11:36:00.000000000,4,0,OCEAN BASKET,CCCS Container Stuffing,Rental of shorecrane for 04 hours,MAERSKLINE,135.0,540.0
Wed,2025-01-15,12:00:00.000000000,15:41:00.000000000,4,0,AMIRANTE,CCCS Container Stuffing,Rental of shorecrane for 04 hours,MAERSKLINE,135.0,540.0
Wed,2025-01-15,13:00:00.000000000,16:50:00.000000000,4,0,AMIRANTE,CCCS Container Stuffing,Rental of shorecrane for 04 hours,MAERSKLINE,135.0,540.0
Thu,2025-01-16,08:00:00.000000000,16:00:00.000000000,8,0,INPESCA,CCCS Container Stuffing,Rental of shorecrane for 08 hours,MAERSKLINE,135.0,1080.0
Thu,2025-01-16,08:00:00.000000000,15:14:00.000000000,8,0,AMIRANTE,CCCS Container Stuffing,Rental of shorecrane for 08 hours,MAERSKLINE,135.0,1080.0
Fri,2025-01-17,08:00:00.000000000,14:23:00.000000000,7,0,ECHEBASTAR,CCCS Container Stuffing,Rental of shorecrane for 07 hours,MAERSKLINE,135.0,945.0
Fri,2025-01-17,14:30:00.000000000,16:57:00.000000000,3,0,AMIRANTE,CCCS Container Stuffing,Rental of shorecrane for 03 hours,MAERSKLINE,135.0,405.0
Fri,2025-01-17,08:00:00.000000000,14:54:00.000000000,7,0,INPESCA,CCCS Container Stuffing,Rental of shorecrane for 07 hours,MAERSKLINE,135.0,945.0
Fri,2025-01-17,15:00:00.000000000,16:57:00.000000000,2,0,AMIRANTE,CCCS Container Stuffing,Rental of shorecrane for 02 hours,MAERSKLINE,135.0,270.0
Sat,2025-01-18,08:00:00.000000000,13:01:00.000000000,6,0,AMIRANTE,CCCS Container Stuffing,Rental of shorecrane for 06 hours,MAERSKLINE,135.0,810.0
Sat,2025-01-18,13:03:00.000000000,16:59:00.000000000,4,0,OCEAN BASKET,CCCS Container Stuffing,Rental of shorecrane for 04 hours,MAERSKLINE,135.0,540.0
Mon,2025-01-20,08:00:00.000000000,16:49:00.000000000,9,0,BERNICA,OSS Stuffing,Rental of shorecrane for 09 hours,MAERSKLINE,135.0,1215.0
Tue,2025-01-21,08:00:00.000000000,16:51:00.000000000,9,0,BERNICA,OSS Stuffing,Rental of shorecrane for 09 hours,MAERSKLINE,135.0,1215.0
Wed,2025-01-22,08:00:00.000000000,16:54:00.000000000,9,0,BERNICA,OSS Stuffing,Rental of shorecrane for 09 hours,MAERSKLINE,135.0,1215.0
Thu,2025-01-23,08:00:00.000000000,16:57:00.000000000,9,0,BERNICA,OSS Stuffing,Rental of shorecrane for 09 hours,MAERSKLINE,135.0,1215.0
Fri,2025-01-24,08:00:00.000000000,13:24:00.000000000,6,0,BERNICA,OSS Stuffing,Rental of shorecrane for 06 hours,MAERSKLINE,135.0,810.0
Mon,2025-01-27,08:00:00.000000000,16:56:00.000000000,9,0,TXORI ZURI,OSS Stuffing,Rental of shorecrane for 09 hours,MAERSKLINE,135.0,1215.0
Tue,2025-01-28,08:00:00.000000000,16:45:00.000000000,9,0,TXORI ZURI,OSS Stuffing,Rental of shorecrane for 09 hours,MAERSKLINE,135.0,1215.0
Wed,2025-01-29,08:00:00.000000000,10:21:00.000000000,3,0,TXORI ZURI,OSS Stuffing,Rental of shorecrane for 03 hours,MAERSKLINE,135.0,405.0
Fri,2025-01-31,13:56:00.000000000,14:02:00.000000000,1,0,IZARO,Cross Stuffing,Rental of shorecrane for 01 hours,HARTSWATER,135.0,135.0
Sat,2025-02-01,09:00:00.000000000,11:08:00.000000000,3,0,IOT,Cross Stuffing,Rental of shorecrane for 03 hours,IOT,135.0,405.0
Fri,2025-02-07,08:00:00.000000000,13:41:00.000000000,6,0,PACIFIC STAR,OSS Stuffing,Rental of shorecrane for 06 hours,MAERSKLINE,135.0,810.0
Thu,2025-02-13,10:00:00.000000000,11:30:00.000000000,2,0,DOLOMIEU,Cross Stuffing,Rental of shorecrane for 02 hours,SAPMER,135.0,270.0
Thu,2025-02-27,12:15:00.000000000,16:36:00.000000000,5,0,HAWWA,OSS Stuffing,Rental of shorecrane for 05 hours,MAERSKLINE,135.0,675.0
Thu,2025-02-27,12:20:00.000000000,16:49:00.000000000,5,0,HAWWA,Stuffing,Rental of shorecrane for 05 hours,HUNT DELTEL,135.0,675.0
Fri,2025-02-28,08:00:00.000000000,16:56:00.000000000,9,0,HAWWA,OSS Stuffing,Rental of shorecrane for 09 hours,MAERSKLINE,135.0,1215.0
Fri,2025-02-28,08:00:00.000000000,16:47:00.000000000,9,0,HAWWA,Stuffing,Rental of shorecrane for 09 hours,HUNT DELTEL,135.0,1215.0
Fri,2025-02-28,08:00:00.000000000,16:56:00.000000000,9,0,LAYLA,OSS Stuffing,Rental of shorecrane for 09 hours,MAERSKLINE,135.0,1215.0
Fri,2025-02-28,08:00:00.000000000,16:34:00.000000000,9,0,LAYLA,Stuffing,Rental of shorecrane for 09 hours,HUNT DELTEL,135.0,1215.0
Sat,2025-03-01,08:00:00.000000000,15:49:00.000000000,8,0,HAWWA,OSS Stuffing,Rental of shorecrane for 08 hours,MAERSKLINE,135.0,1080.0
Sat,2025-03-01,08:00:00.000000000,16:35:00.000000000,9,0,HAWWA,Stuffing,Rental of shorecrane for 09 hours,HUNT DELTEL,135.0,1215.0
Sat,2025-03-01,08:00:00.000000000,16:48:00.000000000,9,0,LAYLA,OSS Stuffing,Rental of shorecrane for 09 hours,MAERSKLINE,135.0,1215.0
Sat,2025-03-01,08:00:00.000000000,16:46:00.000000000,9,0,LAYLA,Stuffing,Rental of shorecrane for 09 hours,HUNT DELTEL,135.0,1215.0
Sun,2025-03-02,08:00:00.000000000,12:32:00.000000000,5,0,HAWWA,OSS Stuffing,Rental of shorecrane for 05 hours,MAERSKLINE,135.0,1012.5
Sun,2025-03-02,08:00:00.000000000,12:49:00.000000000,5,0,HAWWA,Stuffing,Rental of shorecrane for 05 hours,HUNT DELTEL,135.0,1012.5
Sun,2025-03-02,08:00:00.000000000,15:53:00.000000000,8,0,LAYLA,OSS Stuffing,Rental of shorecrane for 08 hours,MAERSKLINE,135.0,1620.0
Sun,2025-03-02,08:00:00.000000000,15:49:00.000000000,8,0,LAYLA,Stuffing,Rental of shorecrane for 08 hours,HUNT DELTEL,135.0,1620.0
Mon,2025-03-03,08:00:00.000000000,16:57:00.000000000,9,0,LAYLA,OSS Stuffing,Rental of shorecrane for 09 hours,MAERSKLINE,135.0,1215.0
Mon,2025-03-03,08:00:00.000000000,16:50:00.000000000,9,0,LAYLA,Stuffing,Rental of shorecrane for 09 hours,HUNT DELTEL,135.0,1215.0
Mon,2025-03-03,08:00:00.000000000,16:10:00.000000000,9,0,NOUR,OSS Stuffing,Rental of shorecrane for 09 hours,MAERSKLINE,135.0,1215.0
Mon,2025-03-03,08:00:00.000000000,16:53:00.000000000,9,0,NOUR,Stuffing,Rental of shorecrane for 09 hours,HUNT DELTEL,135.0,1215.0
Tue,2025-03-04,08:00:00.000000000,16:57:00.000000000,9,0,NOUR,OSS Stuffing,Rental of shorecrane for 09 hours,MAERSKLINE,135.0,1215.0
Tue,2025-03-04,08:00:00.000000000,16:54:00.000000000,9,0,NOUR,Stuffing,Rental of shorecrane for 09 hours,HUNT DELTEL,135.0,1215.0
Tue,2025-03-04,08:00:00.000000000,11:21:00.000000000,4,0,LAYLA,OSS Stuffing,Rental of shorecrane for 04 hours,MAERSKLINE,135.0,540.0
Tue,2025-03-04,08:00:00.000000000,11:08:00.000000000,4,0,LAYLA,Stuffing,Rental of shorecrane for 04 hours,HUNT DELTEL,135.0,540.0
Wed,2025-03-05,08:00:00.000000000,16:47:00.000000000,9,0,NOUR,OSS Stuffing,Rental of shorecrane for 09 hours,MAERSKLINE,135.0,1215.0
Wed,2025-03-05,08:00:00.000000000,16:46:00.000000000,9,0,NOUR,Stuffing,Rental of shorecrane for 09 hours,HUNT DELTEL,135.0,1215.0
Thu,2025-03-06,08:00:00.000000000,18:49:00.000000000,11,2,NOUR,Stuffing,Rental of shorecrane for 11 hours,HUNT DELTEL,135.0,1620.0
Thu,2025-03-06,08:00:00.000000000,18:19:00.000000000,11,2,NOUR,OSS Stuffing,Rental of shorecrane for 11 hours,MAERSKLINE,135.0,1620.0
Wed,2025-03-12,08:00:00.000000000,16:20:00.000000000,9,0,ITSAS TXORI,Loading to CCCS,Rental of shorecrane for 09 hours,INPESCA SA,135.0,1215.0
Thu,2025-03-13,16:13:00.000000000,16:51:00.000000000,1,0,BERNICA,OSS Stuffing,Rental of shorecrane for 01 hours,MAERSKLINE,135.0,135.0
Thu,2025-03-13,08:00:00.000000000,17:00:00.000000000,9,0,TXORI ARGI,Loading to CCCS,Rental of shorecrane for 09 hours,INPESCA SA,135.0,1215.0
Fri,2025-03-14,13:00:00.000000000,14:48:00.000000000,2,0,ACILA,Cross Stuffing,Rental of shorecrane for 02 hours,AQUARIUS,135.0,270.0
Sat,2025-03-15,08:00:00.000000000,09:00:00.000000000,1,0,DOLOMIEU,OSS Stuffing,Rental of shorecrane for 01 hours,MAERSKLINE,135.0,135.0
Mon,2025-03-17,08:00:00.000000000,17:15:00.000000000,10,1,TXORI GORRI,Loading to CCCS,Rental of shorecrane for 10 hours,INPESCA SA,135.0,1417.5
Wed,2025-03-19,13:30:00.000000000,14:32:00.000000000,2,0,BERNICA,Cross Stuffing,Rental of shorecrane for 02 hours,SAPMER,135.0,270.0
Wed,2025-03-19,17:50:00.000000000,18:40:00.000000000,1,1,INPESCA S.A,Cross Stuffing,Rental of shorecrane for 01 hours,INVALID,135.0,202.5
Thu,2025-03-20,08:00:00.000000000,17:46:00.000000000,10,1,NOUR,Stuffing,Rental of shorecrane for 10 hours,HUNT DELTEL,135.0,1417.5
Thu,2025-03-20,08:00:00.000000000,17:49:00.000000000,10,1,NOUR,OSS Stuffing,Rental of shorecrane for 10 hours,MAERSKLINE,135.0,1417.5
Fri,2025-03-21,08:00:00.000000000,10:13:00.000000000,3,0,NOUR,Stuffing,Rental of shorecrane for 03 hours,HUNT DELTEL,135.0,405.0
Fri,2025-03-21,08:00:00.000000000,11:26:00.000000000,4,0,NOUR,OSS Stuffing,Rental of shorecrane for 04 hours,MAERSKLINE,135.0,540.0
Thu,2025-03-27,08:00:00.000000000,16:41:00.000000000,9,0,HAWWA,OSS Stuffing,Rental of shorecrane for 09 hours,MAERSKLINE,135.0,1215.0
Thu,2025-03-27,08:00:00.000000000,16:35:00.000000000,9,0,HAWWA,Stuffing,Rental of shorecrane for 09 hours,HUNT DELTEL,135.0,1215.0
Fri,2025-03-28,08:00:00.000000000,17:37:00.000000000,10,1,HAWWA,OSS Stuffing,Rental of shorecrane for 10 hours,MAERSKLINE,135.0,1417.5
Fri,2025-03-28,08:00:00.000000000,17:41:00.000000000,10,1,HAWWA,Stuffing,Rental of shorecrane for 10 hours,HUNT DELTEL,135.0,1417.5
Sat,2025-03-29,08:00:00.000000000,13:00:00.000000000,5,0,HAWWA,Stuffing,Rental of shorecrane for 05 hours,HUNT DELTEL,135.0,675.0
Sat,2025-03-29,08:00:00.000000000,12:23:00.000000000,5,0,HAWWA,OSS Stuffing,Rental of shorecrane for 05 hours,MAERSKLINE,135.0,675.0
Mon,2025-03-31,08:00:00.000000000,16:48:00.000000000,9,0,ALBACORA CUATRO,Stuffing,Rental of shorecrane for 09 hours,"COMPAIA EUROPEA DE TUNIDOS,S.L.",135.0,1215.0
Mon,2025-03-31,08:00:00.000000000,14:15:00.000000000,7,0,ADAMAS,OSS Stuffing,Rental of shorecrane for 07 hours,MAERSKLINE,135.0,945.0
Mon,2025-03-31,14:20:00.000000000,18:33:00.000000000,5,2,ADAMAS,By Catch,Rental of shorecrane for 05 hours,AQUARIUS,135.0,810.0
Tue,2025-04-01,08:00:00.000000000,16:38:00.000000000,9,0,LAYLA,OSS Stuffing,Rental of shorecrane for 09 hours,MAERSKLINE,135.0,1215.0
Tue,2025-04-01,08:00:00.000000000,16:54:00.000000000,9,0,LAYLA,Stuffing,Rental of shorecrane for 09 hours,HUNT DELTEL,135.0,1215.0
Tue,2025-04-01,08:00:00.000000000,16:49:00.000000000,9,0,ALBACORA CUATRO,Stuffing,Rental of shorecrane for 09 hours,"COMPAIA EUROPEA DE TUNIDOS,S.L.",135.0,1215.0
Wed,2025-04-02,08:00:00.000000000,16:56:00.000000000,9,0,LAYLA,Stuffing,Rental of shorecrane for 09 hours,HUNT DELTEL,135.0,1215.0
Wed,2025-04-02,08:00:00.000000000,16:41:00.000000000,9,0,LAYLA,OSS Stuffing,Rental of shorecrane for 09 hours,MAERSKLINE,135.0,1215.0
Wed,2025-04-02,10:00:00.000000000,16:47:00.000000000,7,0,DONIENE,Stuffing,Rental of shorecrane for 07 hours,ATUNSA,135.0,945.0
Wed,2025-04-02,08:00:00.000000000,18:43:00.000000000,11,2,TXORI GORRI,Loading to CCCS,Rental of shorecrane for 11 hours,INPESCA SA,135.0,1620.0
Thu,2025-04-03,08:00:00.000000000,13:00:00.000000000,5,0,TXORI GORRI,Loading to CCCS,Rental of shorecrane for 05 hours,INPESCA SA,135.0,675.0
Thu,2025-04-03,08:00:00.000000000,16:40:00.000000000,9,0,LAYLA,OSS Stuffing,Rental of shorecrane for 09 hours,MAERSKLINE,135.0,1215.0
Thu,2025-04-03,08:00:00.000000000,16:53:00.000000000,9,0,LAYLA,Stuffing,Rental of shorecrane for 09 hours,HUNT DELTEL,135.0,1215.0
Fri,2025-04-04,08:00:00.000000000,16:36:00.000000000,9,0,LAYLA,OSS Stuffing,Rental of shorecrane for 09 hours,MAERSKLINE,135.0,1215.0
Fri,2025-04-04,08:00:00.000000000,16:38:00.000000000,9,0,LAYLA,Stuffing,Rental of shorecrane for 09 hours,HUNT DELTEL,135.0,1215.0
Sat,2025-04-05,08:00:00.000000000,18:09:00.000000000,11,2,LAYLA,OSS Stuffing,Rental of shorecrane for 11 hours,MAERSKLINE,135.0,1620.0
Sat,2025-04-05,08:00:00.000000000,16:37:00.000000000,9,0,LAYLA,Stuffing,Rental of shorecrane for 09 hours,HUNT DELTEL,135.0,1215.0
Wed,2025-04-09,08:00:00.000000000,16:56:00.000000000,9,0,NOUR,Stuffing,Rental of shorecrane for 09 hours,HUNT DELTEL,135.0,1215.0
Wed,2025-04-09,08:00:00.000000000,16:50:00.000000000,9,0,NOUR,OSS Stuffing,Rental of shorecrane for 09 hours,MAERSKLINE,135.0,1215.0
Thu,2025-04-10,08:00:00.000000000,16:49:00.000000000,9,0,NOUR,Stuffing,Rental of shorecrane for 09 hours,HUNT DELTEL,135.0,1215.0
Thu,2025-04-10,08:00:00.000000000,16:33:00.000000000,9,0,NOUR,OSS Stuffing,Rental of shorecrane for 09 hours,MAERSKLINE,135.0,1215.0
Fri,2025-04-11,18:17:00.000000000,19:08:00.000000000,1,1,ELAI ALAI,Cross Stuffing,Rental of shorecrane for 01 hours,IOT,135.0,202.5
Fri,2025-04-11,08:00:00.000000000,16:45:00.000000000,9,0,NOUR,Stuffing,Rental of shorecrane for 09 hours,HUNT DELTEL,135.0,1215.0
Fri,2025-04-11,08:00:00.000000000,16:58:00.000000000,9,0,NOUR,OSS Stuffing,Rental of shorecrane for 09 hours,MAERSKLINE,135.0,1215.0
Sat,2025-04-12,08:00:00.000000000,16:41:00.000000000,9,0,NOUR,Stuffing,Rental of shorecrane for 09 hours,HUNT DELTEL,135.0,1215.0
Sat,2025-04-12,08:00:00.000000000,16:44:00.000000000,9,0,NOUR,OSS Stuffing,Rental of shorecrane for 09 hours,MAERSKLINE,135.0,1215.0
Sun,2025-04-13,08:00:00.000000000,14:25:00.000000000,7,0,NOUR,OSS Stuffing,Rental of shorecrane for 07 hours,MAERSKLINE,135.0,1417.5
Sun,2025-04-13,08:00:00.000000000,14:57:00.000000000,7,0,NOUR,Stuffing,Rental of shorecrane for 07 hours,HUNT DELTEL,135.0,1417.5
Tue,2025-04-15,08:00:00.000000000,16:46:00.000000000,9,0,HAWWA,OSS Stuffing,Rental of shorecrane for 09 hours,MAERSKLINE,135.0,1215.0
Tue,2025-04-15,08:00:00.000000000,16:53:00.000000000,9,0,HAWWA,Stuffing,Rental of shorecrane for 09 hours,HUNT DELTEL,135.0,1215.0
Tue,2025-04-15,17:00:00.000000000,18:34:00.000000000,2,2,NOUR,Cross Stuffing,Rental of shorecrane for 02 hours,HUNT DELTEL,135.0,405.0
Wed,2025-04-16,08:00:00.000000000,16:40:00.000000000,9,0,HAWWA,Stuffing,Rental of shorecrane for 09 hours,HUNT DELTEL,135.0,1215.0
Wed,2025-04-16,17:00:00.000000000,19:20:00.000000000,3,3,NOUR,Cross Stuffing,Rental of shorecrane for 03 hours,HUNT DELTEL,135.0,607.5
Wed,2025-04-16,08:00:00.000000000,16:50:00.000000000,9,0,TXORI GORRI,Loading to CCCS,Rental of shorecrane for 09 hours,INPESCA SA,135.0,1215.0
Wed,2025-04-16,08:00:00.000000000,16:43:00.000000000,9,0,HAWWA,OSS Stuffing,Rental of shorecrane for 09 hours,MAERSKLINE,135.0,1215.0
Thu,2025-04-17,09:00:00.000000000,18:43:00.000000000,10,2,TXORI GORRI,Loading to CCCS,Rental of shorecrane for 10 hours,INPESCA SA,135.0,1485.0
Thu,2025-04-17,08:00:00.000000000,16:21:00.000000000,9,0,HAWWA,OSS Stuffing,Rental of shorecrane for 09 hours,MAERSKLINE,135.0,1215.0
Thu,2025-04-17,08:00:00.000000000,16:55:00.000000000,9,0,HAWWA,Stuffing,Rental of shorecrane for 09 hours,HUNT DELTEL,135.0,1215.0
PH,2025-04-18,12:00:00.000000000,13:04:00.000000000,2,0,TXORI GORRI,Loading to CCCS,Rental of shorecrane for 02 hours,INPESCA SA,135.0,405.0
PH,2025-04-18,08:00:00.000000000,15:46:00.000000000,8,0,HAWWA,OSS Stuffing,Rental of shorecrane for 08 hours,MAERSKLINE,135.0,1620.0
PH,2025-04-18,08:00:00.000000000,15:56:00.000000000,8,0,HAWWA,Stuffing,Rental of shorecrane for 08 hours,HUNT DELTEL,135.0,1620.0
PH,2025-04-19,08:00:00.000000000,11:45:00.000000000,4,0,TXORI GORRI,Loading to CCCS,Rental of shorecrane for 04 hours,INPESCA SA,135.0,810.0
PH,2025-04-21,10:00:00.000000000,10:53:00.000000000,1,0,HAWWA,Cross Stuffing,Rental of shorecrane for 01 hours,HUNT DELTEL,135.0,202.5
PH,2025-05-01,09:00:00.000000000,11:43:00.000000000,3,0,LAYLA,Cross Stuffing,Rental of shorecrane for 03 hours,HUNT DELTEL,135.0,607.5
Wed,2025-04-23,08:00:00.000000000,16:39:00.000000000,9,0,LAYLA,OSS Stuffing,Rental of shorecrane for 09 hours,MAERSKLINE,135.0,1215.0
Thu,2025-04-24,08:00:00.000000000,16:18:00.000000000,9,0,LAYLA,Stuffing,Rental of shorecrane for 09 hours,HUNT DELTEL,135.0,1215.0
Thu,2025-04-24,08:00:00.000000000,16:49:00.000000000,9,0,LAYLA,OSS Stuffing,Rental of shorecrane for 09 hours,MAERSKLINE,135.0,1215.0
Fri,2025-04-25,08:00:00.000000000,16:49:00.000000000,9,0,LAYLA,Stuffing,Rental of shorecrane for 09 hours,HUNT DELTEL,135.0,1215.0
Fri,2025-04-25,08:00:00.000000000,16:48:00.000000000,9,0,LAYLA,OSS Stuffing,Rental of shorecrane for 09 hours,MAERSKLINE,135.0,1215.0
Sat,2025-04-26,08:00:00.000000000,16:43:00.000000000,9,0,LAYLA,Stuffing,Rental of shorecrane for 09 hours,HUNT DELTEL,135.0,1215.0
Sat,2025-04-26,08:00:00.000000000,16:42:00.000000000,9,0,LAYLA,OSS Stuffing,Rental of shorecrane for 09 hours,MAERSKLINE,135.0,1215.0
Sat,2025-04-26,16:00:00.000000000,16:54:00.000000000,1,0,FRANCHE TERRE,OSS Stuffing,Rental of shorecrane for 01 hours,MAERSKLINE,135.0,135.0
Sun,2025-04-27,08:00:00.000000000,16:53:00.000000000,9,1,LAYLA,Stuffing,Rental of shorecrane for 09 hours,HUNT DELTEL,135.0,1890.0
Sun,2025-04-27,08:00:00.000000000,19:09:00.000000000,12,4,LAYLA,OSS Stuffing,Rental of shorecrane for 12 hours,MAERSKLINE,135.0,2700.0
Sun,2025-04-27,08:00:00.000000000,16:00:00.000000000,8,0,FRANCHE TERRE,OSS Stuffing,Rental of shorecrane for 08 hours,MAERSKLINE,135.0,1620.0
Mon,2025-04-28,08:00:00.000000000,14:30:00.000000000,7,0,FRANCHE TERRE,OSS Stuffing,Rental of shorecrane for 07 hours,MAERSKLINE,135.0,945.0
Tue,2025-05-06,08:00:00.000000000,13:21:00.000000000,6,0,SHIN SHUEN FAR No. 16,Stuffing,Rental of shorecrane for 06 hours,AQUARIUS,135.0,810.0
Wed,2025-05-07,08:00:00.000000000,16:47:00.000000000,9,0,ACILA,OSS Stuffing,Rental of shorecrane for 09 hours,MAERSKLINE,135.0,1215.0
Wed,2025-05-07,08:00:00.000000000,18:50:00.000000000,11,2,ATERPE ALAI,OSS Stuffing,Rental of shorecrane for 11 hours,MAERSKLINE,135.0,1620.0
Thu,2025-05-08,08:00:00.000000000,16:47:00.000000000,9,0,ACILA,OSS Stuffing,Rental of shorecrane for 09 hours,MAERSKLINE,135.0,1215.0
Fri,2025-05-09,08:00:00.000000000,16:52:00.000000000,9,0,ACILA,OSS Stuffing,Rental of shorecrane for 09 hours,MAERSKLINE,135.0,1215.0
Sat,2025-05-10,08:00:00.000000000,16:59:00.000000000,9,0,ACILA,OSS Stuffing,Rental of shorecrane for 09 hours,MAERSKLINE,135.0,1215.0
Sun,2025-05-11,08:00:00.000000000,15:59:00.000000000,8,0,ACILA,OSS Stuffing,Rental of shorecrane for 08 hours,MAERSKLINE,135.0,1620.0
Mon,2025-05-12,08:00:00.000000000,16:48:00.000000000,9,0,ACILA,OSS Stuffing,Rental of shorecrane for 09 hours,MAERSKLINE,135.0,1215.0
Tue,2025-05-13,08:00:00.000000000,20:06:00.000000000,13,4,ACILA,OSS Stuffing,Rental of shorecrane for 13 hours,MAERSKLINE,135.0,2025.0
Tue,2025-05-13,08:00:00.000000000,16:39:00.000000000,9,0,ALBACORA CUATRO,OSS Stuffing,Rental of shorecrane for 09 hours,MAERSKLINE,135.0,1215.0
Tue,2025-05-13,08:00:00.000000000,16:59:00.000000000,9,0,TXORI BERRI,OSS Stuffing,Rental of shorecrane for 09 hours,MAERSKLINE,135.0,1215.0
Wed,2025-05-14,08:00:00.000000000,16:51:00.000000000,9,0,TXORI BERRI,OSS Stuffing,Rental of shorecrane for 09 hours,MAERSKLINE,135.0,1215.0
Thu,2025-05-15,08:00:00.000000000,13:32:00.000000000,6,0,ALBACORA CUATRO,OSS Stuffing,Rental of shorecrane for 06 hours,MAERSKLINE,135.0,810.0
Sat,2025-05-17,08:00:00.000000000,17:36:00.000000000,10,1,TXORI ZURI,Loading to CCCS,Rental of shorecrane for 10 hours,INPESCA SA,135.0,1417.5
Sun,2025-05-18,08:00:00.000000000,15:45:00.000000000,8,0,TXORI ZURI,Loading to CCCS,Rental of shorecrane for 08 hours,INPESCA SA,135.0,1620.0
Sat,2025-05-24,12:00:00.000000000,17:00:00.000000000,5,0,TXORI AUNDI,Loading to CCCS,Rental of shorecrane for 05 hours,INPESCA SA,135.0,675.0
Sun,2025-05-25,08:00:00.000000000,15:52:00.000000000,8,0,TXORI AUNDI,Loading to CCCS,Rental of shorecrane for 08 hours,INPESCA SA,135.0,1620.0
Mon,2025-05-26,08:00:00.000000000,16:57:00.000000000,9,0,DONIENE,OSS Stuffing,Rental of shorecrane for 09 hours,MAERSKLINE,135.0,1215.0
Tue,2025-05-27,08:00:00.000000000,16:56:00.000000000,9,0,DONIENE,OSS Stuffing,Rental of shorecrane for 09 hours,MAERSKLINE,135.0,1215.0
Wed,2025-05-28,11:00:00.000000000,12:15:00.000000000,2,0,SAPMER,Cross Stuffing,Rental of shorecrane for 02 hours,SAPMER,135.0,270.0
Mon,2025-06-02,08:00:00.000000000,16:54:00.000000000,9,0,FRANCHE TERRE,OSS Stuffing,Rental of shorecrane for 09 hours,MAERSKLINE,135.0,1215.0
Tue,2025-06-03,08:00:00.000000000,16:59:00.000000000,9,0,FRANCHE TERRE,OSS Stuffing,Rental of shorecrane for 09 hours,MAERSKLINE,135.0,1215.0
Wed,2025-06-04,08:00:00.000000000,16:50:00.000000000,9,0,FRANCHE TERRE,OSS Stuffing,Rental of shorecrane for 09 hours,MAERSKLINE,135.0,1215.0
Thu,2025-06-05,08:00:00.000000000,13:52:00.000000000,6,0,FRANCHE TERRE,OSS Stuffing,Rental of shorecrane for 06 hours,MAERSKLINE,135.0,810.0
